Município,UF,Índice de Progresso Social,ÁREA km²,POPULAÇÃO 2025,PIB PER CAPITA,Necessidades Humanas Básicas,Fundamentos do Bem-estar,Oportunidades,Nutrição e Cuidados Médicos Básicos,Água e Saneamento,Moradia,Segurança Pessoal,Acesso ao Conhecimento Básico,Acesso à Informação e Comunicação,Saúde e Bem-estar,Qualidade do Meio Ambiente,Direitos Individuais,Liberdades Individuais e de Escolha,Inclusão Social,Acesso à Educação Superior,Cobertura Vacinal (poliomielite),Hospitalizações por Condições Sensíveis à Atenção Primária,Mortalidade Ajustada por Condições Sensíveis à Atenção Primária,Mortalidade Infantil até 5 anos,Subnutrição,Abastecimento de Água Via Rede de Distribuição,Esgotamento Sanitário Adequado,Índice de Abastecimento de Água,Índice de Perdas de Água na Distribuição,Domicílios com Coleta de Resíduos Adequada,Domicílios com Iluminação Elétrica Adequada,Domicílios com Paredes Adequadas,Domicílios com Pisos Adequados,Assassinatos de Jovens,Assassinatos de Mulheres,Homicídios,Mortes por Acidentes de Transporte,Abandono no Ensino Fundamental,Abandono no Ensino Médio,Distorção Idade-Série no Ensino Médio,Evasão no Ensino Médio,Ideb Ensino Fundamental,Reprovação Escolar no Ensino Médio,Cobertura de Internet Móvel (4G/5G),Densidade de Internet Banda Larga Fixa,Densidade Telefonia Móvel,Qualidade de Internet Móvel,Consumo de ultraprocessados,Expectativa de Vida ,Mortalidade entre 15 e 50 anos,Mortalidades por Doenças Crônicas Não Transmissíveis ,Obesidade,Suicídios,Áreas Verdes Urbanas,Emissões de CO₂e por Habitante,Focos de Calor,Índice de Vulnerabilidade Climática dos Municípios (IVCM),Supressão da Vegetação Primária e Secundária,Acesso a Programas de Direitos Humanos,Existência de Ações para Direitos de Minorias,Índice de Atendimento à Demanda de Justiça,Resposta a Processos Previdenciários,Resposta a Processos Familiares,Taxa de Congestionamento Líquida de Processos,"Acesso à Cultura, Lazer e Esporte",Gravidez na Adolescência (<19),Índice de Vulnerabilidade das Famílias do CadÚnico (IVCAD),Praças e Parques em Áreas Urbanas,Famílias em Situação de Rua,Paridade de Gênero na Câmara Municipal,Paridade de Negros na Câmara Municipal,Violência Contra Indígenas,Violência Contra Mulheres,Violência Contra Negros,Empregados com Ensino Superior,Mulheres Empregadas com Ensino Superior,Nota Mediana no Enem
Fernando de Noronha,PE,71.75,18.61,3341.00,91266.99,86.23,77.17,51.85,83.13,94.75,83.73,83.30,83.71,83.12,73.47,68.38,31.70,54.80,53.62,67.29,95.58,715.86,156.63,2.08,2.91,97.46,93.77,100.00,16.57,97.96,73.24,73.23,92.26,0.00,0.00,0.00,18.40,0.00,0.26,13.86,5.00,5.58,3.36,100.00,62.27,100.00,72.32,92.63,75.36,68.03,155.44,33.83,0.00,4.36,0.00,0.00,7.91,42.30,4.00,4.00,582.36,1462.19,59.93,98.16,2.00,10.31,2.93,0.28,48.57,0.33,0.46,,205.73,89.49,121.60,156.88,533.56
Belo Jardim,PE,65.57,647.45,84033.00,40812.87,79.35,66.24,51.13,76.28,84.75,94.28,62.08,72.75,77.51,53.07,61.65,58.41,62.66,47.72,35.72,88.10,632.36,186.21,13.94,2.84,79.36,92.53,100.00,34.35,79.76,97.80,91.39,98.67,42.19,4.73,26.29,17.50,1.80,2.26,28.48,6.96,4.15,7.06,94.89,47.00,52.62,95.72,68.02,71.95,242.69,498.83,25.14,7.30,2.15,0.71,25.25,4.77,47.91,12.00,9.00,488.35,1269.86,59.39,93.41,9.00,14.10,2.07,0.28,12.90,0.00,0.82,141.41,569.76,28.24,47.95,56.33,541.92
Santa Cruz do Capibaribe,PE,64.61,335.31,104854.00,20272.90,76.31,67.77,49.77,76.62,66.11,97.48,65.02,74.57,77.66,60.37,58.47,51.25,56.40,63.22,28.21,90.89,380.02,150.18,17.55,3.56,38.95,98.02,70.47,19.48,93.13,98.75,95.62,99.24,42.24,3.05,24.83,8.23,1.18,1.56,23.46,9.58,4.58,6.04,99.01,22.50,73.32,94.19,80.62,73.35,185.04,433.95,22.44,5.06,1.20,0.38,29.11,1.04,50.54,9.00,8.00,384.08,1411.67,49.46,77.12,8.00,13.16,0.85,0.27,7.65,0.24,0.91,33.06,145.61,3.55,33.49,40.72,527.45
Paulista,PE,64.25,96.93,365144.00,19167.82,71.16,71.61,49.99,67.06,75.58,87.92,54.07,79.76,76.66,62.83,67.17,59.64,54.31,58.72,27.30,49.48,795.91,137.51,15.60,4.20,80.30,61.53,95.91,51.31,81.36,81.25,81.73,98.50,73.01,3.90,28.16,8.89,1.24,0.20,17.20,4.34,4.37,2.26,100.00,24.09,61.14,96.88,89.96,74.77,187.29,406.40,21.18,3.54,0.76,0.00,11.54,6.86,47.36,12.00,10.00,781.03,1175.10,57.79,97.95,5.00,11.23,1.16,0.27,16.26,0.40,0.79,5.63,132.35,121.96,30.89,36.96,532.88
Petrolina,PE,63.93,4561.87,418444.00,25278.25,72.20,70.95,48.65,73.44,82.19,91.45,41.70,80.21,82.36,56.88,64.34,47.20,62.18,45.00,40.23,81.04,725.91,166.31,16.90,3.49,86.50,68.77,95.33,34.03,86.54,91.54,82.84,98.27,70.91,8.41,43.13,33.63,0.28,1.18,18.08,6.14,5.23,5.24,93.64,55.23,67.43,97.35,79.04,72.95,228.59,445.33,22.39,6.62,0.00,2.68,30.65,2.82,45.34,10.00,5.00,573.38,1102.61,48.34,91.52,10.00,14.30,4.41,0.28,27.66,0.26,0.79,35.23,1310.91,185.37,58.47,71.72,530.36
Caruaru,PE,63.87,919.07,405408.00,27721.29,76.49,67.97,47.15,77.25,84.68,94.67,49.37,76.70,78.59,57.07,59.52,55.32,53.03,38.65,41.60,89.76,675.12,168.42,13.49,3.08,82.40,83.04,99.09,31.37,87.10,95.53,90.36,99.30,73.28,5.25,37.66,16.79,0.84,1.52,22.88,7.78,4.67,4.46,98.89,29.13,65.98,97.62,78.11,72.96,211.55,450.06,24.63,6.09,1.84,0.30,35.61,6.02,51.81,11.00,9.00,689.80,1770.40,55.19,94.75,10.00,12.47,2.29,0.27,40.19,0.09,0.55,76.92,473.14,361.39,59.03,71.32,547.02
Surubim,PE,63.86,253.30,67821.00,16690.32,75.85,65.22,50.52,80.39,79.23,91.45,52.34,79.37,71.36,50.75,59.41,38.58,58.95,78.00,26.54,91.48,841.21,147.05,11.99,2.48,72.52,80.75,97.55,37.59,78.27,96.15,94.04,91.26,55.13,8.10,24.02,12.63,0.62,0.72,17.48,6.14,4.63,3.46,95.20,12.16,55.84,94.74,74.49,70.37,237.62,474.84,26.16,8.96,2.19,0.29,46.59,6.67,48.91,6.00,7.00,1394.46,3699.21,49.29,85.21,4.00,11.57,0.87,0.29,0.43,0.31,1.00,,16.78,6.82,23.61,30.97,558.91
Sairé,PE,63.84,190.46,11213.00,18210.92,70.94,68.72,51.87,80.15,64.40,86.73,52.48,79.30,74.46,63.62,57.50,36.50,53.52,83.35,34.12,85.32,863.51,122.99,12.71,2.50,54.59,2.49,96.23,20.16,58.45,91.14,80.41,97.34,64.98,3.56,26.61,23.05,1.52,0.04,15.20,5.02,4.72,5.42,95.94,49.96,39.94,92.14,33.33,72.05,222.63,341.28,23.49,3.56,5.86,1.78,27.08,4.82,50.80,4.00,6.00,535.36,951.22,60.93,94.47,4.00,15.96,0.36,0.28,0.00,0.22,0.89,,7.08,0.00,39.89,52.64,553.94
Serra Talhada,PE,63.67,2980.01,98816.00,20271.14,75.44,66.62,48.94,67.90,78.14,92.42,63.32,80.31,70.72,58.58,56.87,57.78,52.55,47.20,38.22,90.74,1245.63,178.59,14.22,6.79,70.55,81.82,95.56,37.52,68.80,96.95,91.59,98.04,38.36,2.79,23.81,25.22,0.22,0.80,16.48,6.62,4.93,3.68,80.49,38.64,52.53,91.30,75.83,72.97,211.66,440.82,22.39,5.41,3.52,4.35,25.38,1.57,50.49,9.00,11.00,341.75,1067.03,53.60,87.54,8.00,14.26,1.26,0.28,19.58,0.24,0.72,26.09,576.65,206.16,53.69,69.26,524.90
Itacuruba,PE,63.54,436.53,4491.00,18354.49,80.24,63.97,46.39,68.22,82.47,88.94,81.34,76.33,82.85,40.51,56.20,25.68,53.72,59.35,46.82,67.48,752.09,176.41,11.18,5.11,73.20,80.68,98.38,24.23,74.10,94.20,83.75,93.61,0.00,0.00,8.95,13.37,0.14,1.92,37.30,4.16,4.57,4.86,93.17,41.31,93.45,91.35,95.24,67.70,330.25,454.78,24.81,13.32,3.46,2.23,10.02,0.20,54.84,1.00,5.00,1050.57,1447.37,66.35,92.89,4.00,23.04,13.13,0.27,0.00,0.44,0.54,3.34,176.06,95.35,72.28,108.61,482.33
Quixaba,PE,63.47,210.71,6753.00,11239.75,73.57,61.78,55.06,80.04,56.34,92.02,65.89,85.56,56.90,55.21,49.46,45.32,53.07,83.54,38.30,92.71,577.09,123.79,10.40,3.80,49.10,49.85,59.76,32.02,44.41,98.60,99.29,99.75,13.03,5.93,8.85,14.70,0.60,0.66,10.70,2.88,5.84,1.98,64.20,0.19,32.34,96.01,74.46,70.14,228.12,409.60,24.35,2.96,9.71,5.92,39.12,0.55,54.52,13.00,0.00,442.69,815.64,42.79,111.65,2.00,13.14,3.35,0.27,0.00,0.44,0.93,,17.83,0.00,38.68,60.31,590.96
Camocim de São Félix,PE,63.29,72.01,18018.00,11613.16,79.66,65.61,44.60,79.80,77.52,94.80,66.51,78.06,73.33,53.21,57.84,37.78,50.79,62.85,26.99,92.75,897.74,128.85,14.76,2.93,75.02,91.31,79.56,31.55,86.54,96.27,91.04,98.92,40.90,0.00,21.21,23.39,0.58,0.18,20.06,8.58,4.61,3.00,99.51,17.74,53.11,95.83,72.20,69.25,247.83,395.43,25.28,3.34,2.58,0.56,29.34,0.86,48.26,6.00,5.00,728.13,1217.34,56.48,95.15,9.00,16.70,1.10,0.29,1.94,0.18,0.85,,135.17,85.17,28.90,45.26,514.08
Salgueiro,PE,63.26,1678.56,65946.00,21077.38,78.83,66.02,44.93,76.07,83.08,91.60,64.59,81.74,74.31,54.75,53.27,35.14,55.73,55.40,33.46,92.32,1170.29,144.06,15.39,3.94,81.17,83.74,97.09,34.66,82.01,95.35,89.10,93.86,21.58,3.62,17.99,28.49,0.36,0.74,15.30,4.66,5.04,3.48,87.30,34.06,57.53,96.12,75.12,72.92,248.80,446.67,24.78,8.02,4.68,4.09,27.79,4.02,59.30,9.00,0.00,545.67,1283.44,47.45,85.94,7.00,16.16,1.44,0.27,32.84,0.40,0.93,3.16,437.63,102.04,42.68,55.50,530.60
Recife,PE,63.22,218.84,1588376.00,41773.05,67.33,70.72,51.62,71.17,75.73,87.50,34.91,79.74,82.26,53.35,67.52,47.64,54.03,35.17,69.66,65.99,1043.65,144.18,13.40,3.94,89.15,57.12,91.19,54.91,87.50,74.90,84.00,98.25,116.57,6.12,48.23,27.03,0.56,0.94,18.30,5.48,4.70,3.34,99.95,35.64,76.06,97.96,82.78,74.50,255.69,443.31,32.47,5.95,1.26,0.00,4.96,7.91,48.42,7.00,9.00,582.36,1462.19,59.93,98.16,11.00,11.03,2.93,0.27,91.52,0.43,0.49,73.04,539.04,366.15,214.32,224.91,556.48
Ingazeira,PE,62.55,243.86,4975.00,13157.19,78.51,62.71,46.42,78.48,60.33,91.93,83.30,77.49,63.72,60.56,49.06,37.28,51.76,65.01,31.65,96.85,677.36,120.65,18.80,3.71,50.81,58.04,60.43,22.58,58.27,97.97,94.85,97.76,0.00,0.00,0.00,16.27,1.56,4.38,20.96,4.18,4.97,4.20,64.31,4.99,58.59,97.43,77.48,70.96,179.34,322.41,25.26,4.08,8.09,16.08,48.20,0.46,52.50,7.00,4.00,972.68,1205.30,48.41,58.47,4.00,14.74,2.95,0.27,4.89,0.22,0.94,,49.72,204.78,46.97,66.55,468.20
Gravatá,PE,62.47,507.36,92429.00,17718.93,71.22,69.47,46.72,76.78,82.76,87.21,38.14,78.59,78.09,58.69,62.51,56.34,50.72,51.85,27.97,76.84,761.05,147.64,11.17,2.84,79.80,82.21,98.02,34.20,75.77,89.22,77.19,95.83,92.14,6.42,42.22,11.54,0.74,0.26,20.16,5.90,4.33,3.10,94.68,39.53,62.27,95.86,77.89,72.63,243.65,391.47,19.93,5.08,2.04,0.76,47.09,7.98,44.41,13.00,8.00,805.94,1554.19,64.51,79.09,5.00,14.68,0.71,0.28,4.36,0.35,0.74,17.24,409.60,272.37,31.45,40.07,531.90
Nazaré da Mata,PE,62.33,130.57,32187.00,24142.88,67.99,68.63,50.37,74.17,79.96,91.81,26.02,81.43,74.52,53.91,64.67,55.18,53.39,59.52,33.41,81.53,1208.48,170.20,14.40,3.16,79.22,79.61,94.66,39.94,76.09,90.73,90.74,98.68,131.07,5.89,50.90,13.04,0.28,0.08,16.60,3.34,4.58,3.96,99.69,24.27,52.19,96.13,63.25,72.31,333.41,454.86,16.08,6.21,1.90,0.00,17.63,7.56,48.43,12.00,8.00,1012.13,2143.36,40.19,85.56,5.00,15.24,2.15,0.26,2.50,0.00,0.58,,148.47,41.64,33.73,44.36,583.10
Garanhuns,PE,62.21,458.96,151803.00,25260.60,71.93,65.92,48.79,73.63,80.83,94.05,39.22,79.66,80.64,54.18,49.21,49.15,53.06,48.04,44.91,80.67,657.62,173.56,13.58,3.71,80.88,75.13,98.89,41.30,84.02,95.11,90.22,99.10,80.58,6.34,37.26,15.56,0.30,1.00,20.32,5.30,4.67,3.34,97.48,42.94,67.00,96.50,66.89,72.69,263.75,481.46,23.61,6.58,2.63,0.07,56.21,3.21,61.67,5.00,11.00,491.28,1087.64,46.74,74.70,6.00,12.86,4.01,0.27,9.91,0.47,0.77,60.05,668.36,396.61,64.76,76.68,558.96
Abreu e Lima,PE,62.20,126.38,104248.00,20429.89,70.01,68.34,48.25,68.73,68.46,88.08,54.76,78.23,76.43,54.74,63.95,34.28,56.93,77.61,24.17,51.26,991.02,155.73,14.19,3.20,85.14,30.56,84.90,54.67,85.40,78.61,82.97,98.56,71.03,1.49,24.97,2.91,1.04,0.22,21.42,5.20,4.26,3.20,99.55,14.26,68.38,97.54,79.11,72.46,245.68,437.40,25.98,4.65,1.11,0.00,13.83,7.78,53.50,3.00,5.00,335.89,1044.50,51.31,103.32,4.00,14.46,0.84,0.27,13.47,0.31,0.97,,7.06,11.18,27.10,31.95,516.73
Arcoverde,PE,62.07,343.92,82487.00,18228.58,73.92,67.50,44.80,74.97,76.93,93.26,50.51,80.51,72.77,55.58,61.15,42.09,58.34,44.12,34.64,89.36,1043.41,164.67,15.50,3.67,75.88,84.26,98.29,57.83,83.10,96.64,90.26,96.27,42.97,4.72,23.61,22.12,0.36,0.50,17.92,6.32,5.02,3.38,96.54,15.78,56.22,95.61,82.10,72.95,231.88,443.71,26.27,4.49,2.28,0.85,34.00,8.59,51.50,10.00,0.00,230.46,446.91,37.63,100.89,9.00,15.44,1.82,0.28,18.56,0.40,0.30,27.89,787.95,205.04,46.94,56.33,531.18
Afogados da Ingazeira,PE,62.05,378.03,42672.00,15255.93,78.43,66.66,41.05,71.98,80.33,96.02,65.37,79.17,74.50,56.14,56.81,25.60,56.06,51.48,31.08,91.46,1282.46,159.28,15.71,5.24,80.33,83.33,96.57,45.51,76.09,98.55,99.02,99.42,24.40,0.93,14.40,25.64,0.38,0.44,22.32,7.38,5.31,5.52,92.11,21.39,64.47,95.91,74.59,73.39,237.49,467.83,24.67,5.28,2.45,2.81,37.88,6.14,55.39,4.00,0.00,468.57,1206.35,49.13,103.85,9.00,13.37,1.19,0.27,5.79,0.46,0.72,54.05,604.77,106.05,34.96,45.99,546.25
Carpina,PE,61.96,146.49,83482.00,23208.24,72.89,69.06,43.91,70.98,72.29,93.81,54.49,80.62,76.67,55.55,63.42,29.40,53.83,64.83,27.60,87.17,764.65,180.02,13.43,5.37,86.48,3.69,97.37,36.67,88.99,92.65,88.81,99.27,67.52,2.29,26.19,7.51,0.94,0.18,15.38,4.38,4.54,2.78,98.63,24.85,66.03,94.64,77.50,73.36,239.22,472.46,24.83,5.32,1.50,0.00,17.44,5.01,48.49,6.00,0.00,395.53,978.90,66.80,126.85,3.00,12.23,3.61,0.28,5.16,0.27,0.99,17.86,66.87,19.47,31.91,39.08,528.38
Petrolândia,PE,61.81,1056.59,36104.00,43446.79,77.54,63.50,44.39,73.44,74.79,91.44,70.50,78.25,70.73,55.67,49.34,41.29,50.44,49.87,35.95,75.42,1288.51,155.40,14.48,3.22,80.65,60.03,88.48,43.79,78.02,93.67,87.14,97.16,4.45,0.00,11.76,17.35,0.62,0.96,24.10,7.10,4.84,2.98,79.57,59.31,54.37,79.95,74.00,70.30,206.51,434.86,23.47,5.02,5.88,1.66,29.84,1.36,62.13,12.00,0.00,640.35,812.30,52.21,82.62,4.00,19.48,3.57,0.28,6.93,0.15,0.50,6.60,251.49,314.88,46.00,69.79,517.04
Olinda,PE,61.45,41.30,364717.00,19261.28,66.37,70.30,47.69,63.66,75.96,83.49,42.38,77.74,79.33,59.25,64.87,42.66,53.31,58.94,35.83,70.19,1117.46,141.83,15.29,7.60,85.78,49.66,97.68,52.22,73.34,68.18,83.94,97.27,94.92,4.32,34.80,4.59,0.70,0.72,23.12,6.06,4.30,3.08,100.00,25.29,71.04,98.05,72.83,75.16,250.48,421.72,24.54,4.81,0.95,0.00,4.59,6.81,53.48,3.00,10.00,575.24,1011.19,54.32,99.09,11.00,14.15,3.27,0.27,20.59,0.24,0.87,21.08,84.80,35.58,50.13,58.20,532.48
Canhotinho,PE,61.41,422.83,25103.00,14539.94,72.36,64.10,47.78,68.24,65.53,92.01,63.66,75.48,66.58,55.06,59.29,23.12,54.45,83.17,30.37,81.17,1052.83,155.35,15.66,6.20,63.19,66.83,64.80,30.54,64.42,95.28,94.05,98.16,12.73,6.66,19.06,17.48,0.20,1.50,30.50,8.82,4.58,4.06,81.30,16.94,40.61,97.45,63.19,68.48,205.96,423.20,25.79,0.79,5.01,1.59,35.75,7.85,49.67,4.00,0.00,848.85,1317.20,59.27,92.61,4.00,15.40,2.15,0.30,3.18,0.36,0.85,,9.99,0.00,39.62,55.64,500.19
Correntes,PE,61.38,317.79,17670.00,11990.95,73.00,60.72,50.41,68.70,67.71,92.22,63.39,75.88,63.07,55.76,48.18,24.98,49.49,88.45,38.71,64.49,620.59,127.70,25.88,3.80,68.20,63.67,77.99,45.08,67.82,96.46,93.58,97.01,40.04,6.81,20.32,5.64,0.42,0.54,32.66,6.02,3.96,2.62,82.06,2.48,38.17,96.07,84.52,68.57,184.98,385.56,21.02,6.78,6.11,1.13,55.39,0.33,55.35,4.00,0.00,490.92,1020.68,58.72,98.58,2.00,17.11,0.36,0.31,1.16,0.55,0.75,,2.29,0.00,60.63,75.79,495.00
Igarassu,PE,61.33,306.88,123017.00,30652.80,65.24,67.95,50.81,72.24,59.31,87.90,41.52,79.37,74.51,54.49,63.42,55.81,53.61,67.65,26.18,73.47,972.17,153.45,13.84,3.93,76.86,6.89,72.87,50.33,86.98,77.92,82.04,98.59,97.05,4.49,38.74,10.82,0.78,0.48,18.56,5.04,4.42,3.06,98.77,17.40,57.96,97.08,70.28,71.83,227.26,461.82,27.26,4.98,1.42,0.16,9.71,5.58,51.79,11.00,9.00,538.04,1476.10,64.30,114.76,8.00,14.62,1.00,0.28,4.84,0.40,0.73,,130.39,16.64,34.15,37.27,508.62
Bezerros,PE,61.31,497.16,65007.00,16762.58,71.24,66.09,46.60,74.60,74.88,93.25,42.23,79.23,80.18,49.09,55.85,39.89,51.17,65.47,29.87,75.53,676.85,166.04,12.96,3.02,71.98,81.05,91.85,49.63,80.64,96.27,87.15,99.22,81.87,3.58,35.49,16.50,0.30,1.06,18.64,7.04,5.04,5.28,97.16,55.58,54.25,96.13,83.20,70.10,284.55,434.81,25.40,6.84,3.56,0.31,44.72,2.41,48.48,3.00,8.00,326.15,1091.39,56.08,109.45,6.00,16.38,1.05,0.27,3.56,0.13,0.92,,73.93,60.26,34.29,41.78,543.45
Verdejante,PE,61.31,476.04,9483.00,10884.85,72.77,61.21,49.94,72.40,68.38,87.42,62.90,77.28,57.50,57.62,52.43,53.37,53.41,63.78,29.22,81.87,1113.69,149.91,19.17,3.92,62.90,38.64,94.55,38.76,52.67,95.46,82.62,96.87,17.19,8.37,10.54,16.89,0.18,3.06,19.20,6.00,4.09,3.30,58.37,21.37,24.69,95.08,46.54,70.62,213.31,454.77,20.76,8.45,4.24,8.44,26.73,0.57,56.53,7.00,10.00,375.20,469.44,53.10,105.45,3.00,17.53,0.00,0.27,2.21,0.22,0.65,,83.95,58.48,38.84,59.54,478.34
Bom Conselho,PE,61.13,790.77,46202.00,17351.44,74.84,61.82,46.75,73.72,67.40,92.68,65.55,77.45,62.48,52.98,54.35,42.52,49.73,69.82,24.92,81.36,809.67,135.56,17.67,4.05,58.76,63.19,71.00,20.63,64.73,96.42,93.56,99.32,37.69,4.16,22.40,9.91,0.42,0.26,27.36,7.60,4.51,2.30,74.82,12.15,42.98,91.67,53.51,67.22,235.60,381.18,24.43,6.48,7.32,4.33,41.18,4.69,51.43,9.00,5.00,1043.55,1556.44,55.97,88.47,4.00,17.39,0.57,0.29,1.22,0.31,0.65,,24.99,35.74,28.00,35.91,513.78
Bonito,PE,61.04,392.63,39212.00,18774.64,72.29,66.04,44.78,75.74,75.50,85.97,51.95,83.22,69.91,53.48,57.53,37.15,47.12,74.47,20.38,88.57,887.88,157.48,19.50,2.93,69.37,81.91,90.97,41.70,69.09,86.98,85.52,91.42,62.49,2.01,37.85,7.67,0.34,0.50,13.58,7.22,5.97,2.62,89.45,29.01,44.21,92.53,79.58,70.26,251.07,474.83,18.49,4.60,2.77,1.53,27.44,4.59,54.32,4.00,7.00,947.67,698.26,73.65,121.94,4.00,19.88,0.14,0.29,0.17,0.31,0.39,,4.03,16.94,13.85,16.20,545.98
Tamandaré,PE,60.95,213.75,24670.00,17523.19,65.15,68.10,49.60,71.75,60.93,79.03,48.87,76.81,82.70,51.47,61.43,41.91,55.30,68.61,32.57,79.12,768.44,209.01,14.63,3.25,52.32,37.71,94.66,56.91,63.63,56.78,81.90,97.97,73.92,4.94,39.96,11.55,1.62,0.28,23.92,6.60,4.35,2.60,91.59,56.93,73.80,95.18,63.62,69.71,229.03,530.94,25.56,3.31,1.99,2.43,10.50,2.62,49.83,13.00,0.00,552.75,1604.64,69.32,140.94,5.00,21.45,1.52,0.31,7.60,0.18,0.73,,56.70,9.81,50.60,58.39,489.70
Ferreiros,PE,60.78,92.52,15955.00,10744.16,72.03,67.82,42.50,74.37,68.89,93.02,51.83,75.87,69.91,60.59,64.89,32.55,49.47,63.67,24.30,92.16,592.25,151.84,26.93,3.16,71.86,53.67,80.78,42.02,81.94,92.91,90.39,98.53,52.63,5.23,26.37,6.51,0.96,0.00,26.74,7.32,4.23,4.64,99.46,24.00,31.31,95.54,81.11,72.24,197.02,340.40,25.46,2.63,1.47,0.00,12.16,5.19,47.29,8.00,0.00,511.91,669.17,75.00,101.07,3.00,17.84,0.00,0.28,8.16,0.22,0.85,,127.43,56.13,29.32,44.07,482.01
Tabira,PE,60.77,388.46,29180.00,12276.32,74.50,61.74,46.06,75.48,77.32,93.52,51.67,80.71,60.89,53.73,51.61,31.96,55.79,75.31,21.18,89.75,646.83,165.95,15.65,3.66,74.91,80.40,95.06,46.82,76.84,97.67,98.65,93.42,49.18,5.45,27.09,8.31,0.06,0.28,15.98,7.56,5.17,4.16,84.36,11.56,18.86,94.67,79.29,71.19,244.40,467.16,20.79,6.94,4.32,5.83,46.40,1.88,54.45,9.00,0.00,1312.07,2255.89,45.91,69.40,5.00,15.97,0.36,0.28,4.44,0.91,0.61,,34.04,30.91,19.11,24.40,520.72
Vitória de Santo Antão,PE,60.67,373.30,144243.00,42261.96,69.08,67.37,45.56,72.43,74.26,92.32,37.31,76.63,76.22,50.70,65.92,46.55,51.62,49.89,34.19,69.59,1020.77,211.67,10.47,2.35,74.00,86.50,77.73,39.39,78.19,94.90,93.52,94.75,99.86,6.69,46.01,8.41,1.38,1.42,21.84,5.12,4.13,4.14,95.93,34.07,56.06,96.19,80.44,71.07,274.20,521.21,20.62,5.46,2.00,0.55,10.06,4.30,43.14,7.00,8.00,487.77,1253.82,57.20,96.61,4.00,15.11,0.91,0.28,19.58,0.11,0.82,10.75,597.51,94.04,46.76,52.25,536.23
Cupira,PE,60.65,95.15,24343.00,14616.48,74.57,65.79,41.59,75.42,87.13,96.19,39.52,78.98,73.39,48.03,62.75,20.06,56.32,65.57,24.40,93.32,783.69,206.02,10.10,3.71,85.23,88.36,98.08,26.62,86.75,97.50,95.08,99.26,106.09,3.15,47.92,14.03,0.26,1.20,20.80,7.58,5.00,3.62,99.27,29.95,46.69,93.42,73.37,70.80,309.96,489.27,23.76,8.25,2.58,0.41,23.54,5.80,46.75,4.00,0.00,1479.19,2194.50,71.53,100.32,4.00,14.77,0.78,0.27,3.01,0.55,0.64,,125.40,70.55,26.34,34.42,515.64
Timbaúba,PE,60.62,287.68,47312.00,19133.94,71.43,65.60,44.84,77.30,73.79,93.71,40.90,81.07,77.13,47.13,57.06,32.80,58.84,59.42,28.30,89.21,699.91,175.51,11.48,3.09,75.65,53.58,95.58,46.00,88.00,92.27,89.74,99.08,99.85,3.92,41.61,8.64,0.24,0.88,17.42,4.62,4.80,2.96,97.23,40.54,52.92,96.23,67.55,71.14,299.10,510.43,29.42,6.98,2.27,0.63,30.39,4.77,55.75,9.00,0.00,766.31,1601.58,64.41,97.50,4.00,15.95,2.12,0.27,8.95,0.46,0.58,,221.02,175.84,31.65,38.46,539.50
Tacaimbó,PE,60.61,227.60,14330.00,15474.46,71.40,60.42,50.00,80.46,63.91,91.60,49.64,71.89,58.80,55.02,55.97,36.77,57.15,81.35,24.72,92.50,567.08,113.55,15.24,3.14,50.31,53.59,75.15,22.63,55.41,97.71,95.20,97.87,71.21,2.95,39.64,26.87,0.78,0.10,33.74,8.92,4.02,9.56,73.01,31.06,32.59,78.55,73.16,69.86,265.62,318.90,20.94,9.88,6.33,0.00,25.31,2.78,51.36,6.00,5.00,773.72,1623.88,59.82,90.02,3.00,17.89,0.42,0.30,2.62,0.67,0.85,,2.95,41.67,25.50,42.99,500.84
Barreiros,PE,60.59,233.43,42083.00,15337.24,69.32,62.34,50.09,68.77,76.20,91.76,40.57,75.48,71.89,44.07,57.91,43.12,52.00,70.67,34.58,81.59,894.47,252.65,17.37,3.65,82.36,70.27,91.41,51.60,79.80,86.11,93.87,98.55,91.86,3.65,43.10,11.36,0.54,1.20,23.74,6.76,3.94,5.86,95.37,17.73,50.53,96.23,63.72,68.82,325.65,592.10,24.77,3.31,2.11,1.66,12.54,2.93,56.87,7.00,7.00,571.36,1490.94,67.17,96.86,2.00,21.43,0.22,0.28,2.39,0.15,0.85,,16.43,44.01,51.12,55.66,520.24
Orobó,PE,60.53,138.36,22412.00,26007.05,67.39,68.27,45.93,78.70,35.23,85.64,69.98,83.88,69.81,60.08,59.28,24.56,57.99,73.69,27.48,81.53,709.42,144.50,10.76,2.60,33.31,23.51,33.67,50.70,29.87,92.65,91.57,96.70,14.67,0.00,14.16,9.72,0.26,0.00,13.84,5.16,5.44,1.10,94.63,2.35,57.12,95.23,49.00,72.19,205.23,430.37,25.89,2.64,3.01,0.45,17.73,3.63,51.89,4.00,0.00,506.62,1133.15,58.38,86.44,4.00,10.90,0.94,0.33,0.00,0.36,0.69,,17.20,18.23,30.47,45.70,514.58
Limoeiro,PE,60.52,273.73,59236.00,16732.05,74.55,66.48,40.54,75.35,64.10,91.63,67.11,83.04,73.07,50.96,58.85,25.86,57.83,51.39,27.06,89.72,908.76,193.48,15.06,2.90,58.13,24.51,86.62,29.67,77.55,92.93,89.40,96.97,26.41,2.62,15.26,15.60,0.30,0.80,14.08,4.26,5.09,1.20,93.47,19.45,58.04,95.64,83.00,72.81,227.57,463.48,35.07,7.12,2.29,0.51,28.63,4.99,52.81,4.00,0.00,530.43,1535.33,33.72,89.60,10.00,13.60,1.04,0.27,9.23,0.13,0.76,74.07,221.48,67.64,25.23,31.45,559.59
Lajedo,PE,60.49,189.10,41960.00,16836.68,67.86,64.97,48.63,73.71,72.16,94.11,31.47,78.55,76.09,44.76,60.48,46.21,53.94,63.28,31.11,82.47,705.20,177.60,19.38,2.85,64.57,56.35,97.40,40.49,75.83,96.00,93.17,99.75,102.74,9.30,43.13,32.96,1.70,0.78,13.06,7.32,4.58,2.42,94.65,38.87,54.89,94.86,76.67,70.50,345.18,488.87,24.88,9.22,3.25,0.24,17.69,7.83,54.99,9.00,7.00,685.29,2621.92,63.14,109.29,6.00,14.54,2.98,0.29,2.50,0.46,0.77,,220.85,99.12,39.54,48.17,528.25
São Joaquim do Monte,PE,60.48,224.62,20438.00,12643.65,71.36,62.40,47.69,75.57,78.21,91.23,40.42,77.40,68.34,46.53,57.33,45.91,60.66,60.10,24.07,91.77,1051.07,189.87,19.56,2.35,72.25,87.23,88.05,33.05,76.51,95.68,85.19,96.93,94.50,1.96,43.81,12.66,0.72,0.20,21.80,7.28,4.41,4.32,95.29,8.64,43.71,95.05,76.82,69.47,307.47,493.17,25.12,4.88,2.83,0.49,27.67,0.71,49.18,7.00,7.00,505.83,484.28,65.72,118.07,3.00,16.21,0.31,0.29,1.77,0.55,0.77,,316.24,389.77,25.11,34.98,513.61
Barra de Guabiraba,PE,60.41,118.64,12601.00,15635.03,73.38,62.84,45.00,78.71,83.99,89.42,41.42,81.75,64.54,47.18,57.90,39.24,49.69,63.86,27.22,87.34,756.92,175.21,4.82,3.21,81.45,88.95,97.91,35.79,85.20,91.34,80.42,94.95,78.81,3.16,39.24,7.88,0.90,0.30,19.28,5.56,5.47,1.72,97.07,26.45,39.12,76.24,62.95,68.54,290.25,463.20,27.53,6.31,2.44,0.79,22.43,2.50,52.78,6.00,6.00,947.67,698.26,73.65,121.94,2.00,23.58,0.14,0.29,0.00,0.44,0.36,,63.61,85.71,30.37,43.50,517.04
São José do Egito,PE,60.39,774.04,32508.00,14501.85,73.41,64.30,43.45,76.95,74.47,93.25,48.97,84.57,67.74,48.77,56.12,35.91,53.85,56.66,27.37,97.71,802.66,154.67,14.34,4.18,69.28,87.42,86.80,44.57,64.71,98.69,98.01,96.61,53.03,7.14,30.67,28.84,0.12,0.52,14.64,3.32,5.37,0.70,81.34,15.10,53.17,94.40,83.29,71.13,288.20,436.72,27.16,9.20,4.77,4.61,32.09,0.79,47.29,2.00,8.00,588.36,1386.06,62.29,131.05,4.00,13.38,2.31,0.28,0.78,0.31,0.51,,238.18,288.46,26.35,34.12,553.66
Carnaíba,PE,60.30,432.14,19533.00,10899.04,72.98,62.93,44.97,74.96,60.27,89.17,67.54,82.42,58.48,53.92,56.93,35.18,51.32,65.04,28.33,96.97,936.63,144.99,23.64,3.83,53.29,47.02,67.50,29.06,47.05,96.40,88.97,99.01,9.29,2.02,13.30,9.21,0.38,1.50,12.10,8.00,5.75,1.36,65.72,6.97,31.92,96.03,90.19,68.62,193.34,431.13,23.31,2.04,3.57,4.10,29.60,6.15,55.59,8.00,0.00,442.69,815.64,42.79,111.65,4.00,15.54,1.93,0.27,0.73,0.18,0.98,,213.89,31.87,25.50,39.78,554.20
Bom Jardim,PE,60.18,226.64,39289.00,10665.63,66.49,62.71,51.33,75.63,53.72,84.47,52.16,80.65,62.92,49.96,57.31,52.89,53.23,76.38,22.80,87.02,663.08,178.13,15.75,2.97,52.81,28.13,66.16,43.97,33.63,89.30,84.60,98.79,51.39,4.97,24.86,16.25,0.04,0.00,19.10,5.84,4.78,3.30,85.04,0.55,36.68,95.41,80.27,70.99,268.40,447.05,25.32,10.66,2.69,0.00,32.88,3.37,51.76,11.00,9.00,1058.11,2476.23,64.90,90.01,4.00,12.56,0.76,0.30,0.17,0.46,0.87,,26.91,9.60,19.85,28.49,528.82
Riacho das Almas,PE,60.14,313.61,21490.00,13463.33,71.10,63.77,45.56,76.70,53.53,89.10,65.08,76.50,74.15,52.99,51.44,29.48,56.71,72.70,23.36,79.95,864.68,151.77,14.30,2.55,39.23,45.33,58.35,24.06,56.71,92.13,87.51,99.25,40.52,3.73,24.59,13.24,0.24,1.08,18.28,10.66,4.19,2.16,94.50,24.04,56.20,96.60,58.59,70.39,265.17,388.18,25.05,11.31,2.96,1.86,51.06,0.39,53.72,7.00,0.00,689.80,1770.40,55.19,94.75,2.00,14.76,1.64,0.28,1.93,0.00,0.71,,54.01,0.00,25.46,34.94,503.80
Santa Terezinha,PE,60.14,200.33,10487.00,11703.92,76.43,60.73,43.27,77.15,69.93,93.25,65.40,78.64,59.05,52.59,52.63,34.16,48.24,57.34,33.35,91.52,414.07,159.82,16.69,3.22,60.13,62.49,80.59,24.10,61.89,97.40,96.96,99.10,40.21,0.00,26.31,20.84,1.16,0.20,17.30,5.82,4.54,4.74,73.15,10.01,41.44,85.20,69.49,69.20,252.14,381.32,28.91,1.86,4.67,15.26,37.06,0.25,51.29,6.00,3.00,588.36,1386.06,62.29,131.05,3.00,18.95,0.00,0.29,3.38,0.22,0.37,,127.99,160.77,37.21,52.97,551.06
Lagoa do Ouro,PE,60.14,200.00,12367.00,12143.61,75.38,58.90,46.12,77.29,68.57,89.43,66.23,77.88,60.37,47.42,49.95,40.92,60.06,50.12,33.40,90.83,1072.60,175.85,11.97,2.94,82.58,50.67,57.65,25.21,54.73,95.72,88.46,97.78,33.29,3.15,19.32,12.82,0.06,0.00,27.50,6.76,4.53,4.06,86.76,1.88,45.59,81.10,65.60,68.99,275.14,467.33,26.11,11.24,7.39,1.62,52.85,0.88,52.00,7.00,5.00,490.92,1020.68,58.72,98.58,7.00,15.11,3.83,0.27,0.55,0.44,0.76,666.67,336.75,82.99,39.47,47.88,557.91
Cachoeirinha,PE,60.11,179.26,20673.00,14044.31,76.90,62.99,40.43,75.83,84.79,94.88,52.13,74.84,71.87,48.15,57.10,25.89,51.92,59.07,24.85,89.03,898.51,184.47,13.00,3.17,72.03,85.91,97.36,13.51,75.88,97.66,95.34,99.31,70.23,1.89,37.04,17.64,0.44,2.44,20.12,10.74,4.71,7.06,92.72,13.63,56.84,96.58,60.71,70.18,311.78,507.79,20.92,10.78,6.00,0.48,38.27,3.65,46.66,6.00,0.00,1038.12,1699.63,61.76,82.01,2.00,15.71,3.87,0.30,0.00,0.36,0.80,,594.56,128.07,24.74,35.08,524.22
Palmeirina,PE,60.01,169.01,7104.00,12860.64,71.48,60.05,48.52,65.83,61.38,91.32,67.37,75.13,64.71,47.45,52.89,34.05,48.74,76.55,34.73,63.43,856.75,153.49,23.11,4.59,59.81,62.02,78.48,61.41,67.50,96.14,93.40,95.06,0.00,15.97,24.89,8.36,0.48,1.38,27.50,6.90,3.67,2.68,88.74,4.72,35.64,96.23,77.47,65.87,258.34,443.69,21.76,5.35,6.26,0.00,51.56,5.01,53.26,9.00,0.00,522.36,1534.44,61.59,102.58,3.00,20.42,0.00,0.29,3.83,0.44,0.30,,21.51,0.00,51.93,72.50,478.03
Terra Nova,PE,59.97,318.71,9231.00,13580.22,76.38,63.07,40.47,77.31,80.12,76.91,71.17,85.13,61.51,55.96,49.67,23.88,49.74,57.91,30.34,94.71,998.38,102.70,15.47,4.81,74.52,83.02,95.82,35.69,61.85,95.95,29.18,97.69,17.99,0.00,8.67,8.68,0.16,0.00,10.96,1.66,5.13,2.60,69.88,10.03,36.20,97.50,65.88,69.43,192.22,404.33,23.71,8.68,6.20,4.33,32.83,0.00,58.01,1.00,5.00,1030.49,2734.33,80.28,121.94,2.00,16.93,0.95,0.29,4.67,0.22,0.91,,353.60,261.63,37.84,56.62,502.48
Camutanga,PE,59.94,39.12,7962.00,53691.91,69.89,65.21,44.71,77.94,69.21,84.60,47.81,75.35,77.35,51.52,56.61,32.55,55.54,58.72,32.05,94.78,713.54,181.38,8.41,3.65,63.35,20.64,89.21,14.41,70.85,94.05,67.60,93.09,76.40,4.93,44.80,2.51,0.50,0.00,26.50,8.96,4.20,5.02,97.68,46.22,57.20,91.01,76.39,70.58,256.21,488.57,23.36,4.99,3.32,0.00,33.06,3.12,51.76,8.00,0.00,511.91,669.17,75.00,101.07,3.00,16.20,3.97,0.29,3.05,0.22,0.68,,206.08,169.49,45.93,53.70,508.10
Triunfo,PE,59.91,191.52,15141.00,13354.80,71.70,64.52,43.50,76.90,47.53,91.89,70.48,83.94,61.19,57.55,55.39,22.27,56.41,62.89,32.43,93.59,1135.06,160.63,14.89,3.34,35.78,18.96,58.15,27.66,50.10,97.58,97.80,99.00,5.83,0.00,11.83,13.13,0.06,1.18,13.34,6.32,5.75,0.30,68.79,0.33,48.89,95.18,69.49,74.00,226.56,452.42,25.97,6.57,2.81,6.60,24.44,0.72,53.55,4.00,0.00,961.05,2092.81,50.02,63.53,8.00,12.93,1.17,0.27,1.20,0.00,0.83,,58.37,107.14,37.78,53.45,536.73
Cedro,PE,59.85,148.75,10843.00,12317.07,75.87,62.01,41.67,79.89,62.98,94.80,65.81,75.43,69.62,51.86,51.11,17.54,52.75,63.14,33.25,100.00,983.17,119.50,18.51,3.25,61.14,59.58,79.62,55.71,74.50,98.07,95.70,99.10,14.22,7.36,9.19,20.22,2.32,2.46,18.98,7.88,4.41,2.08,84.84,23.40,49.53,94.92,68.62,68.00,220.29,375.93,17.96,22.09,3.76,8.30,36.74,0.59,57.00,2.00,0.00,1047.16,2445.92,56.48,85.19,3.00,15.01,0.83,0.26,0.67,0.67,0.74,,309.61,178.57,43.62,64.84,502.10
Iguaracy,PE,59.85,836.05,11347.00,10757.73,74.11,60.46,44.97,78.27,59.90,88.61,69.64,81.71,53.04,57.70,49.40,49.48,50.80,63.54,16.05,89.31,721.29,110.83,17.13,3.53,49.26,61.85,65.81,32.78,50.16,96.04,91.58,95.13,8.13,0.00,15.68,19.17,0.04,0.20,18.16,5.76,5.07,2.32,63.87,0.73,35.86,83.03,53.44,71.19,233.15,401.00,21.92,8.66,9.40,13.22,33.50,0.21,55.20,8.00,8.00,468.57,1206.35,49.13,103.85,3.00,11.69,2.64,0.30,4.90,0.22,0.69,,73.35,81.86,10.09,13.21,509.80
Toritama,PE,59.79,25.70,43921.00,18504.93,69.50,66.29,43.58,73.20,56.06,94.87,53.88,71.12,75.26,58.05,60.72,31.30,51.82,63.88,27.29,75.21,591.63,169.74,14.70,3.33,27.05,74.64,81.83,47.82,91.15,94.20,90.01,99.55,67.66,1.83,29.00,13.11,1.44,4.40,22.12,11.22,3.97,5.10,99.99,22.79,54.81,97.29,78.65,72.83,203.66,476.92,23.53,1.88,1.03,0.00,40.07,6.11,50.37,8.00,0.00,550.85,2078.73,62.25,103.51,2.00,17.47,0.28,0.29,2.59,0.15,0.56,,117.63,16.56,32.44,41.74,516.48
Itapissuma,PE,59.77,73.97,29669.00,109832.62,64.84,67.88,46.61,70.38,53.31,84.89,50.76,79.41,73.48,54.42,64.21,21.75,51.06,74.94,38.68,64.74,916.00,201.15,10.40,3.18,75.74,12.97,56.93,58.75,90.52,65.38,80.68,98.85,45.18,6.27,31.30,5.51,0.46,0.14,21.12,5.06,4.45,3.36,99.99,5.94,61.01,97.61,75.43,70.85,206.79,480.31,24.72,4.89,1.05,0.34,3.12,1.61,47.54,5.00,0.00,1492.62,2581.30,77.43,130.59,3.00,17.11,2.28,0.28,1.69,0.36,0.57,,17.18,5.18,58.61,72.30,509.08
Ibirajuba,PE,59.75,189.60,7334.00,13519.63,68.72,61.92,48.62,78.25,58.45,90.65,47.55,78.10,59.85,56.50,53.24,35.93,53.96,79.33,25.25,93.72,903.85,125.42,15.70,3.70,45.38,59.24,67.68,34.25,58.43,94.64,92.13,98.25,59.62,5.47,45.99,8.09,0.24,0.00,16.76,9.58,4.61,4.42,62.44,11.34,42.26,93.95,52.36,70.16,278.86,391.05,20.34,2.72,7.41,1.36,28.33,0.00,51.17,6.00,5.00,888.39,1504.81,71.19,105.04,1.00,16.49,0.29,0.28,0.00,0.22,0.60,,11.00,0.00,29.27,36.40,513.15
Jaboatão dos Guararapes,PE,59.63,258.72,684293.00,29638.32,63.67,70.79,44.42,66.94,64.03,82.14,41.56,78.61,77.99,59.74,66.83,42.82,53.40,51.85,29.62,52.50,958.57,148.59,15.08,4.23,74.03,27.47,78.35,46.09,75.36,66.95,76.90,98.08,98.14,4.47,38.58,4.77,0.66,0.98,20.76,6.50,4.63,3.00,99.95,22.07,68.08,97.70,78.98,74.82,226.97,410.71,25.37,4.33,1.04,0.01,11.63,8.33,49.16,8.00,5.00,515.64,1025.90,59.64,103.04,8.00,13.16,2.60,0.28,15.05,0.15,0.77,25.87,223.63,105.29,39.23,44.89,518.56
Camaragibe,PE,59.55,51.32,156112.00,15607.72,61.50,68.59,48.57,66.38,55.72,81.63,42.25,78.93,78.98,52.09,64.34,46.14,53.02,65.90,29.21,48.69,980.38,166.60,15.53,3.55,67.10,20.20,78.24,69.35,70.67,70.90,72.06,98.57,91.40,3.91,35.40,3.60,0.76,0.38,20.86,5.12,4.59,4.50,100.00,27.21,73.29,94.73,84.44,73.28,265.29,477.40,29.40,3.22,0.99,0.00,8.27,8.50,55.76,8.00,8.00,708.09,1898.35,67.21,94.51,6.00,11.40,1.83,0.28,17.58,0.46,0.71,7.09,38.58,22.00,35.10,44.75,525.50
Moreno,PE,59.54,194.20,57654.00,19396.90,63.67,67.80,47.16,71.21,66.59,79.94,36.95,76.62,73.16,54.84,66.56,38.02,53.33,65.75,31.56,74.38,827.18,171.84,16.02,3.77,67.25,49.36,81.68,43.71,67.14,71.78,71.54,95.03,102.75,6.65,47.66,10.71,1.14,2.04,20.36,5.34,3.84,2.42,92.46,25.65,53.19,96.16,72.75,73.28,269.24,479.56,23.70,3.79,1.34,0.69,12.65,10.15,50.99,4.00,6.00,428.41,1442.92,36.26,84.69,3.00,16.72,0.46,0.29,5.34,0.31,0.77,15.04,31.94,20.49,40.72,51.51,522.20
Santa Maria da Boa Vista,PE,59.52,3000.77,42782.00,18276.21,68.81,61.25,48.49,78.66,54.27,78.95,63.36,70.98,65.57,59.67,48.80,63.46,49.29,58.34,22.86,84.69,489.51,96.29,17.65,3.35,72.30,49.59,44.51,57.50,42.13,87.02,68.03,92.79,37.08,1.91,32.47,19.28,0.56,4.38,30.16,6.90,3.94,11.14,72.02,19.89,46.76,96.10,71.10,71.39,248.32,290.52,22.74,4.24,5.89,8.88,19.86,1.69,65.88,12.00,12.00,597.36,1480.04,59.87,87.91,7.00,19.94,0.44,0.29,0.76,0.31,0.81,6.67,245.20,84.69,26.03,37.34,490.00
Macaparana,PE,59.50,108.05,24642.00,14577.06,71.10,62.06,45.35,78.39,75.51,91.98,38.50,80.36,60.79,46.31,60.79,29.34,52.86,68.76,30.44,94.00,838.11,191.39,11.58,2.54,77.38,80.21,76.20,32.03,74.76,95.94,85.87,98.93,92.83,7.99,40.56,7.30,0.36,0.10,15.64,5.92,4.43,2.22,77.33,5.70,31.32,95.27,78.58,71.70,290.59,550.93,27.54,8.93,1.89,0.00,26.31,4.73,49.99,5.00,0.00,398.37,390.04,57.20,94.65,5.00,15.54,0.19,0.27,0.59,0.18,0.99,,71.96,29.75,32.73,48.09,539.48
Quipapá,PE,59.49,230.62,17731.00,11926.17,70.26,60.85,47.37,73.08,71.22,88.74,47.99,75.99,67.03,49.44,50.94,41.08,51.01,64.31,33.10,75.20,665.69,167.83,14.11,3.48,61.19,68.12,90.75,38.53,65.00,97.06,84.12,94.08,50.46,10.54,31.97,19.62,1.38,1.34,20.90,8.68,4.21,1.48,92.19,6.86,42.04,95.47,64.55,69.57,297.32,453.84,25.60,4.27,4.20,2.82,36.24,2.39,60.08,7.00,6.00,700.94,1439.05,61.01,86.79,1.00,17.54,0.84,0.30,0.70,0.00,0.40,,27.77,27.14,44.23,57.35,517.00
Buenos Aires,PE,59.43,93.19,13276.00,12294.14,72.57,64.70,41.02,76.01,59.72,91.69,62.87,78.64,65.28,54.60,60.28,15.70,48.70,81.31,18.36,88.72,906.27,181.17,9.13,3.71,73.24,12.96,76.34,51.96,72.08,97.71,92.68,93.80,12.76,2.97,34.71,7.55,0.80,0.00,21.16,6.48,4.34,1.72,86.64,6.83,40.41,95.45,49.45,71.66,280.89,455.26,15.70,16.61,1.60,0.00,19.73,2.11,50.00,1.00,0.00,974.12,1885.75,62.54,85.83,1.00,17.58,0.12,0.29,0.00,0.67,0.48,,20.78,0.00,16.83,24.16,492.40
Vicência,PE,59.36,227.91,27151.00,22672.50,66.16,62.46,49.44,77.59,57.84,91.88,37.32,77.37,67.81,47.63,57.05,38.02,52.29,75.84,31.61,90.95,695.22,171.47,15.28,2.68,72.59,46.28,60.97,62.22,71.40,93.53,91.11,98.34,95.15,1.37,57.99,10.76,0.46,0.00,23.40,7.20,4.16,3.14,93.18,5.30,48.33,94.14,66.57,70.26,311.29,470.87,26.77,7.08,3.25,1.84,24.46,2.70,52.68,4.00,6.00,223.11,1562.16,56.28,99.60,3.00,16.83,0.45,0.28,0.00,0.36,0.85,,26.36,7.20,45.43,59.92,488.58
Cabo de Santo Agostinho,PE,59.35,445.39,218049.00,72908.47,60.47,69.17,48.41,64.09,74.01,85.16,18.63,78.96,78.04,54.92,64.76,57.38,54.19,45.83,36.22,60.41,1041.57,189.07,13.21,5.50,77.59,62.01,88.84,44.53,70.60,78.47,80.87,97.40,194.53,11.79,76.06,10.86,0.24,0.42,22.08,5.82,4.38,2.84,97.76,25.96,68.98,96.83,50.00,73.74,289.30,478.28,27.20,4.10,2.08,0.23,9.64,6.12,48.16,12.00,8.00,438.34,935.58,56.13,84.66,8.00,16.23,1.75,0.27,54.40,0.38,1.00,10.87,658.92,565.03,56.03,60.31,515.30
Floresta,PE,59.34,3637.25,31702.00,18398.18,71.53,60.45,46.04,72.18,70.46,79.00,64.49,74.91,67.67,52.88,46.36,43.80,49.17,58.26,32.95,76.97,766.49,151.68,16.05,4.16,55.20,76.89,92.25,41.10,56.75,89.14,67.87,86.47,23.40,2.52,18.44,29.26,0.92,2.36,29.80,6.80,4.42,4.60,72.11,34.80,44.74,95.22,84.07,71.52,232.32,458.06,25.42,7.00,12.27,4.10,24.06,2.54,67.10,5.00,10.00,1437.46,2342.62,37.92,62.37,6.00,20.35,4.98,0.29,1.52,0.31,1.00,5.55,232.93,222.97,40.59,61.50,515.26
Glória do Goitá,PE,59.33,234.49,30420.00,20582.31,69.02,66.04,42.93,75.10,60.27,89.13,51.57,80.17,67.96,54.71,61.33,28.35,56.69,62.49,24.21,78.10,745.65,146.93,18.65,2.67,54.07,53.54,64.16,30.29,65.97,89.67,87.14,98.03,71.13,3.89,39.58,12.52,0.32,0.40,20.34,5.06,4.30,0.44,95.33,3.47,42.73,97.24,82.00,70.88,264.25,405.34,18.73,6.60,1.94,2.96,19.87,3.05,47.93,3.00,3.00,525.04,1159.25,61.77,105.90,6.00,14.73,0.73,0.30,1.44,0.73,0.90,166.67,89.42,51.36,23.32,31.81,528.36
Caetés,PE,59.30,294.95,30571.00,16460.44,65.61,62.63,49.66,74.94,37.57,86.64,63.29,76.34,55.29,58.46,60.44,39.03,48.56,84.71,26.36,87.23,548.15,149.73,17.59,3.87,21.34,35.21,27.48,19.52,36.18,93.51,86.58,99.55,29.66,2.68,23.97,23.94,0.34,0.10,24.72,9.92,4.40,3.10,67.48,4.80,12.31,98.28,54.42,68.94,213.73,411.14,17.37,4.64,3.09,0.00,13.35,5.26,53.00,7.00,5.00,671.61,1612.83,60.82,87.94,3.00,13.64,0.36,0.32,0.71,0.36,0.96,,9.24,0.00,34.80,43.29,494.12
Tracunhaém,PE,59.28,137.32,14439.00,13752.34,69.04,67.34,41.47,73.65,66.17,91.66,44.66,81.39,68.18,56.29,63.53,23.81,58.03,65.12,18.90,91.09,782.17,188.97,19.72,3.34,70.95,29.57,76.89,30.18,80.23,87.23,90.63,99.31,83.64,0.00,36.39,11.17,0.46,0.00,14.70,4.74,4.78,3.70,94.85,4.86,44.57,96.40,31.25,71.58,288.09,492.64,22.02,1.39,1.70,2.08,12.58,4.55,48.32,5.00,0.00,974.12,1885.75,62.54,85.83,4.00,17.28,3.37,0.27,2.79,0.44,0.29,,68.34,28.86,15.05,22.80,507.58
Betânia,PE,59.26,1256.14,11961.00,10492.27,68.30,60.43,49.03,75.13,48.25,84.78,65.05,80.27,59.19,47.60,54.67,47.46,49.22,70.34,29.11,95.66,753.40,164.06,23.96,3.17,40.09,32.21,50.00,29.10,29.55,94.94,84.75,97.06,28.11,3.29,24.70,8.26,0.10,0.28,27.82,5.64,5.23,2.68,65.54,5.03,35.73,96.99,78.33,69.53,280.18,407.54,25.80,14.79,5.64,1.67,16.70,0.85,54.38,13.00,2.00,355.07,799.76,65.87,74.82,4.00,16.54,2.06,0.30,0.90,0.89,0.92,,173.03,111.90,34.31,59.27,490.52
Ibimirim,PE,59.23,1929.34,28825.00,14756.46,71.79,57.96,47.94,80.85,54.50,87.92,63.88,78.89,52.95,55.16,44.83,50.35,48.27,72.59,20.56,86.02,826.74,97.75,13.12,2.88,44.72,47.35,61.54,34.53,64.86,93.17,83.00,95.29,30.69,4.12,30.06,15.37,0.26,0.34,24.44,7.02,4.99,4.16,57.33,4.36,36.91,84.89,59.61,67.33,209.39,332.81,26.31,4.91,10.95,2.78,33.99,0.34,65.07,8.00,9.00,700.02,701.97,62.38,93.47,2.00,17.97,0.74,0.30,1.11,0.55,0.85,1.51,23.49,41.64,17.73,25.31,514.62
Pombos,PE,59.19,203.10,26942.00,23600.51,64.07,65.70,47.80,73.18,65.66,81.88,35.58,74.24,77.46,54.70,56.42,37.25,54.02,71.64,28.29,65.56,793.58,168.63,11.40,2.76,58.45,52.34,79.73,33.19,48.93,83.26,75.15,96.45,100.70,7.33,45.16,24.84,4.72,0.20,18.56,5.62,3.84,1.18,92.25,40.65,60.15,96.45,79.25,72.42,248.89,445.96,25.42,3.75,3.87,3.34,17.54,3.16,55.62,7.00,4.00,777.64,1003.41,67.02,96.70,2.00,12.76,0.77,0.29,0.45,0.55,0.44,,17.67,38.11,33.08,45.33,518.22
Tuparetama,PE,59.18,188.43,8261.00,11504.90,77.22,61.17,39.17,72.41,77.90,95.50,63.06,81.12,67.06,42.23,54.27,17.24,51.60,64.51,23.32,94.20,674.72,144.48,26.42,4.50,72.88,70.94,96.49,35.82,73.27,98.14,98.96,99.36,35.50,4.72,21.80,14.54,0.42,1.04,18.62,7.52,5.58,2.10,82.90,11.24,51.79,94.21,90.43,69.95,304.88,503.07,31.06,9.69,4.19,4.84,37.67,3.21,53.65,1.00,0.00,972.68,1205.30,48.41,58.47,5.00,16.44,2.69,0.28,1.91,0.67,0.55,,335.24,38.68,21.38,31.00,524.76
Moreilândia,PE,59.16,404.29,10839.00,9822.12,69.51,64.50,43.48,78.98,46.37,87.26,65.43,80.45,66.61,64.33,46.60,29.24,50.49,66.66,27.54,90.72,492.13,101.12,14.90,4.08,47.81,11.15,50.29,35.67,50.72,91.63,87.48,96.86,7.43,7.32,10.97,1.81,0.62,0.24,17.94,5.40,4.58,1.54,79.06,14.84,45.81,97.26,53.36,71.05,198.03,303.73,16.31,9.14,8.50,38.75,47.34,2.58,58.08,3.00,4.00,764.29,1001.15,73.75,136.18,2.00,19.61,0.40,0.29,1.13,0.44,0.87,,85.39,128.62,33.87,45.72,505.63
Salgadinho,PE,59.13,87.22,5478.00,13986.67,67.33,63.11,46.94,81.57,27.36,79.73,80.67,83.08,64.08,53.26,52.01,37.53,54.77,71.85,23.60,95.95,508.85,126.75,16.42,2.48,23.89,1.62,41.14,67.98,26.84,85.16,74.38,97.63,0.00,0.00,3.20,20.70,0.04,0.00,16.84,3.76,4.87,0.96,86.45,0.53,40.00,95.78,62.05,68.77,285.51,362.09,25.43,0.00,3.42,1.83,59.93,1.41,50.61,9.00,3.00,1071.92,1306.22,72.53,86.54,3.00,11.27,2.83,0.31,0.00,0.67,0.90,,58.29,84.93,21.71,30.60,528.31
Feira Nova,PE,59.12,107.73,22222.00,12354.51,68.80,67.16,41.42,76.20,66.14,95.04,37.81,82.30,70.27,53.25,62.80,18.79,54.11,59.81,32.96,89.35,1120.14,160.59,9.61,4.03,71.03,5.83,92.39,35.45,83.04,97.25,92.71,99.10,80.34,10.51,31.72,11.79,0.12,0.00,17.50,3.60,4.68,1.74,99.54,7.86,46.66,96.16,67.40,73.43,257.99,479.87,26.87,9.96,1.90,1.35,17.36,4.30,47.64,2.00,0.00,910.60,1159.07,62.78,87.34,3.00,15.20,0.00,0.28,1.33,0.55,0.55,,274.98,222.66,46.11,55.12,515.42
Itapetim,PE,59.09,411.88,14236.00,11960.45,76.99,59.49,40.78,80.63,69.61,91.08,66.64,76.62,62.64,44.66,54.04,20.98,52.75,64.80,24.57,96.22,377.59,160.40,11.68,2.83,61.05,64.52,77.37,23.95,62.87,96.83,86.44,99.76,27.53,0.00,29.42,11.22,0.18,4.68,23.88,6.12,5.13,7.42,80.91,1.46,40.69,94.76,76.29,67.25,266.87,482.73,27.36,8.41,5.42,7.02,26.89,0.23,51.42,2.00,0.00,700.03,884.11,53.23,110.23,5.00,15.01,0.77,0.27,0.95,0.44,0.56,,107.53,59.61,25.09,33.18,524.42
Ribeirão,PE,59.00,289.57,33843.00,17777.65,64.47,63.81,48.72,70.68,72.40,92.20,22.59,76.67,74.90,44.83,58.84,26.06,54.74,89.55,24.51,85.17,751.02,178.73,12.20,5.54,77.06,81.91,78.59,51.22,78.95,91.42,93.16,96.77,148.75,10.67,54.57,17.91,1.50,0.28,21.26,6.74,4.09,2.80,92.23,35.26,55.17,94.99,83.77,67.68,316.62,494.89,21.13,4.45,2.83,0.89,10.51,3.93,55.65,3.00,4.00,1245.77,2580.73,72.64,109.98,4.00,19.17,0.24,0.27,0.99,0.31,0.74,,0.00,0.00,28.78,40.02,496.21
Aliança,PE,59.00,272.77,37349.00,12649.58,71.37,64.76,40.85,76.24,67.38,88.48,53.39,75.43,71.83,52.53,59.26,18.84,49.37,70.32,24.88,89.83,794.55,195.54,13.72,2.72,71.19,40.99,84.23,43.84,75.45,91.44,76.23,98.33,60.08,3.11,31.25,16.96,0.62,0.02,30.20,5.54,3.61,3.80,99.03,20.44,44.18,95.70,82.07,72.93,320.13,485.00,17.19,5.83,1.80,1.61,18.42,2.04,51.73,2.00,0.00,591.07,1866.03,66.39,102.78,4.00,18.27,0.36,0.29,0.15,0.18,0.99,,75.90,13.59,31.63,39.06,495.12
Frei Miguelinho,PE,58.99,213.74,14055.00,10816.93,69.09,63.05,44.84,81.22,38.19,88.65,68.29,75.21,65.42,55.64,55.92,32.76,51.63,75.37,19.62,93.15,952.43,115.77,17.10,2.27,17.30,10.23,44.30,15.96,49.34,95.37,85.89,99.40,6.28,2.79,9.87,15.53,2.90,0.04,27.54,6.34,4.30,1.78,87.01,3.96,46.06,93.82,48.23,70.47,256.07,340.57,30.75,4.24,3.24,0.00,53.25,5.47,50.67,4.00,6.00,977.24,2609.63,67.62,96.75,0.00,12.55,1.01,0.31,0.00,0.44,0.49,,63.81,0.00,16.28,24.11,509.82
Araripina,PE,58.99,2037.39,90504.00,19642.37,67.83,64.08,45.06,75.67,58.68,83.82,53.13,78.49,69.44,54.87,53.51,35.63,49.41,60.25,34.96,86.91,1207.50,135.33,16.39,3.65,45.42,47.88,69.98,28.12,49.72,89.63,74.52,97.29,47.22,3.99,23.62,30.84,0.92,2.10,15.10,6.14,4.39,2.66,73.78,39.85,44.42,96.55,73.00,72.12,285.54,407.97,18.54,10.13,3.54,10.28,44.55,4.51,55.32,7.00,4.00,776.48,3064.41,60.06,90.55,5.00,19.46,1.16,0.30,2.62,0.35,0.46,32.79,71.06,16.38,42.23,58.46,543.36
Agrestina,PE,58.97,200.37,24680.00,14913.94,74.64,62.68,39.60,73.92,84.48,94.83,45.35,75.63,69.03,48.85,57.20,16.45,51.75,66.91,23.29,82.55,1474.08,197.80,14.03,2.53,81.58,83.84,96.54,27.86,85.72,96.95,90.74,98.99,66.43,4.74,38.42,35.15,0.20,0.76,26.90,8.08,4.38,6.48,95.39,4.77,50.71,94.90,69.94,70.57,329.29,499.44,21.58,3.27,3.99,0.00,17.51,1.20,51.44,1.00,0.00,564.03,1916.61,73.30,110.47,3.00,14.23,1.35,0.30,6.54,0.18,0.84,,49.15,43.69,26.96,34.91,498.78
Granito,PE,58.93,521.69,7217.00,12618.96,74.48,58.68,43.62,78.56,54.05,85.15,80.16,76.55,52.55,60.81,44.81,41.14,48.41,55.53,29.40,95.69,820.25,95.25,27.35,2.88,51.33,31.53,60.19,33.82,51.41,90.24,78.13,97.61,0.00,0.00,5.56,22.27,0.58,0.08,22.48,6.74,4.62,9.62,61.13,1.32,31.49,85.82,71.81,71.40,217.11,326.71,20.39,5.57,16.34,20.78,60.77,3.00,56.41,7.00,7.00,891.05,2926.91,63.50,97.08,3.00,20.21,4.44,0.29,0.00,0.67,0.00,2000.00,191.62,0.00,33.28,45.06,532.25
Lagoa Grande,PE,58.85,1850.07,24951.00,28600.42,73.04,63.54,39.96,74.34,67.08,91.04,59.71,76.61,75.07,49.79,52.69,29.17,48.43,54.89,27.35,96.57,591.81,125.00,23.06,4.92,79.20,84.26,63.36,59.99,71.96,93.05,91.85,95.82,40.41,1.61,31.55,41.27,0.78,4.66,18.44,7.00,4.77,4.42,85.22,35.64,76.94,87.66,81.53,67.28,272.31,357.42,22.45,7.27,7.33,13.23,17.46,0.84,55.46,6.00,0.00,527.64,948.01,57.64,104.08,2.00,19.77,2.02,0.29,2.45,0.73,0.83,7.84,1074.61,368.93,34.01,50.80,490.22
Panelas,PE,58.79,380.43,23337.00,10281.74,64.16,63.37,48.85,72.19,62.21,88.56,33.69,80.80,67.20,48.92,56.57,42.92,50.61,69.59,32.28,80.23,911.00,164.22,20.39,3.41,56.16,61.09,67.75,35.16,58.39,87.97,90.51,98.30,99.58,4.88,45.01,32.61,0.34,0.02,18.34,9.02,6.11,6.34,89.03,4.37,51.94,93.79,75.70,71.68,354.94,436.94,21.08,8.37,3.46,2.57,33.05,3.61,52.02,4.00,12.00,1768.46,2721.73,61.68,49.70,2.00,14.97,0.21,0.29,3.33,0.18,0.84,,21.31,50.59,34.37,49.55,554.24
Catende,PE,58.77,208.59,33086.00,11789.73,70.46,62.28,43.58,71.64,75.91,92.32,41.97,74.93,66.57,50.89,56.72,43.95,48.47,65.89,16.02,71.97,826.13,202.90,12.62,3.00,83.33,91.21,84.66,60.24,75.65,97.02,87.96,97.52,94.63,4.46,36.71,9.39,1.52,0.14,26.88,8.44,4.09,2.56,90.84,1.51,49.39,93.71,69.68,70.59,289.73,532.72,19.74,2.92,1.65,1.21,21.82,2.49,57.10,6.00,8.00,575.13,1417.95,59.99,113.78,3.00,20.71,0.75,0.28,1.16,0.00,0.92,,58.98,39.57,14.95,14.63,491.92
Lagoa do Carro,PE,58.74,69.24,18804.00,17438.90,63.29,63.60,49.33,77.31,48.71,90.46,36.69,78.61,63.55,50.01,62.23,55.35,56.35,70.07,15.54,99.19,692.29,192.45,17.90,2.69,48.43,2.68,63.21,37.94,81.69,86.73,85.61,98.97,119.58,6.29,48.87,15.15,0.40,0.00,17.90,5.66,4.24,5.52,98.73,1.51,42.45,83.56,79.70,72.31,275.17,477.87,28.33,7.57,1.75,1.60,15.38,4.80,50.47,12.00,7.00,395.53,978.90,66.80,126.85,4.00,16.03,0.70,0.29,0.76,0.18,0.84,,33.39,25.59,10.01,13.17,503.63
Angelim,PE,58.67,118.72,10591.00,17649.61,72.04,60.60,43.38,78.99,67.98,91.97,49.23,72.53,69.48,47.32,53.08,26.50,48.58,67.11,31.32,94.82,896.27,140.27,15.15,3.15,63.68,56.49,77.21,29.95,65.37,96.03,92.87,97.91,53.36,3.71,41.52,22.66,0.14,0.90,34.72,10.38,4.29,7.48,93.22,12.85,46.52,95.86,74.89,70.08,339.61,421.70,21.74,11.33,4.55,0.94,42.86,0.55,50.81,7.00,0.00,1307.11,1363.00,78.32,81.47,4.00,20.23,0.96,0.30,0.00,0.00,0.70,,29.77,25.51,44.17,50.40,512.16
Jatobá,PE,58.66,277.86,14477.00,12683.15,73.69,60.21,42.09,79.67,67.31,80.55,67.22,70.81,64.37,56.43,49.25,35.21,52.93,52.29,27.94,96.09,836.74,131.04,13.17,3.54,62.48,69.35,91.15,60.97,57.95,70.72,79.37,95.87,18.43,0.00,17.97,20.74,0.36,6.16,34.42,9.74,4.75,8.34,76.89,9.66,44.35,96.06,67.66,71.52,244.89,366.44,25.22,6.91,4.04,0.00,30.46,0.24,62.82,9.00,0.00,640.35,812.30,52.21,82.62,5.00,20.26,3.95,0.28,1.34,0.22,0.90,27.91,326.95,252.81,34.48,50.56,496.90
Flores,PE,58.63,995.56,20776.00,11825.13,71.62,60.70,43.57,80.28,55.67,90.22,60.33,78.49,56.21,53.76,54.34,34.50,49.57,62.34,27.88,95.58,662.05,122.68,19.60,2.59,45.22,46.39,62.23,29.99,42.32,97.09,96.11,98.68,30.01,7.47,25.49,24.55,0.26,0.88,18.94,9.28,4.97,3.68,57.69,3.22,35.13,95.49,68.16,69.67,254.60,423.29,19.91,7.59,4.92,6.74,25.32,0.50,52.23,9.00,0.00,777.04,1132.23,49.98,94.95,3.00,16.76,1.22,0.30,2.74,0.18,0.00,,33.71,21.03,30.04,47.95,515.32
Joaquim Nabuco,PE,58.59,122.61,13416.00,12260.81,72.85,60.21,42.72,72.24,72.48,90.77,55.93,73.92,66.71,43.32,56.89,22.34,49.12,81.75,17.66,83.91,811.43,209.54,12.30,3.81,76.58,82.71,79.20,51.54,79.48,91.36,89.37,95.13,46.19,0.00,31.64,14.40,0.90,0.00,26.00,12.56,4.14,2.06,90.38,3.68,44.33,96.20,91.40,65.55,227.09,572.01,24.76,2.86,2.04,3.73,15.84,1.54,55.97,1.00,0.00,305.12,666.25,39.73,103.64,7.00,21.97,2.14,0.31,0.00,0.67,0.40,,14.17,0.00,16.89,22.33,487.96
Altinho,PE,58.56,450.18,21134.00,14290.81,71.65,64.96,39.07,79.53,76.38,93.31,37.39,78.51,66.90,56.73,57.72,32.16,49.06,55.15,19.92,84.49,927.27,132.98,16.51,1.83,68.10,78.17,87.21,27.19,65.33,97.85,95.80,98.46,97.89,5.55,45.68,7.48,0.54,0.46,26.16,5.22,4.37,1.86,84.88,20.40,36.02,96.63,65.84,72.54,276.91,388.29,18.01,12.13,5.57,0.00,22.13,3.37,50.23,9.00,0.00,888.39,1504.81,71.19,105.04,4.00,17.79,0.76,0.29,0.26,0.36,0.74,142.86,291.98,23.78,17.97,25.38,505.68
São José do Belmonte,PE,58.54,1474.09,36890.00,14364.41,69.72,63.87,42.04,78.07,57.12,88.64,55.05,82.49,61.99,56.92,54.06,34.16,48.70,57.62,27.70,85.29,809.09,132.85,10.27,3.59,55.91,29.24,65.21,32.09,54.16,97.46,91.67,92.78,45.41,1.08,23.64,20.34,0.34,0.08,14.56,5.10,4.86,0.64,66.48,12.19,45.33,94.88,72.61,71.12,248.34,358.36,19.90,9.33,5.02,20.87,29.62,5.09,56.34,3.00,6.00,435.06,1796.19,53.79,83.05,4.00,15.88,1.54,0.29,0.78,0.31,0.40,4.34,137.69,65.55,35.24,40.95,515.52
Cabrobó,PE,58.54,1658.62,31762.00,16881.02,73.44,61.50,40.68,72.58,73.19,80.16,67.84,81.37,69.39,47.38,47.86,36.83,50.69,51.54,23.66,87.37,539.88,149.80,20.48,4.56,70.39,76.01,86.37,43.50,55.70,83.51,72.81,90.78,19.91,3.68,11.93,18.22,0.46,0.78,13.66,4.98,4.70,2.18,76.86,35.53,56.11,89.72,67.22,71.39,273.92,490.68,29.59,14.46,10.27,5.35,24.41,0.67,62.15,8.00,3.00,888.52,1564.63,54.21,73.32,4.00,18.00,1.20,0.27,8.39,0.15,0.69,14.36,336.65,114.94,28.67,42.38,479.98
Tupanatinga,PE,58.53,847.75,28141.00,9805.30,70.28,60.92,44.39,78.83,51.85,83.60,66.84,76.40,52.94,59.85,54.51,29.09,51.54,67.87,29.05,93.82,673.80,109.43,18.86,3.54,44.65,49.30,51.47,33.96,33.94,92.07,84.39,94.61,27.61,1.49,16.51,11.23,0.42,0.00,29.40,7.82,4.65,5.50,49.53,12.92,24.59,93.04,79.97,69.82,176.96,360.86,20.49,3.76,5.33,2.84,35.06,7.03,58.24,7.00,0.00,624.24,2441.29,55.03,92.26,2.00,18.84,0.04,0.33,0.28,0.55,0.61,,86.19,45.40,32.14,49.32,520.61
Custódia,PE,58.48,1382.06,39609.00,19177.69,69.86,63.15,42.43,78.18,52.18,88.84,60.24,79.91,63.71,53.79,55.17,33.54,54.98,58.73,22.48,95.66,820.94,127.47,14.18,4.15,41.05,63.88,59.54,48.98,42.03,96.44,91.28,98.46,35.43,7.06,25.89,22.17,0.10,1.48,16.62,6.24,5.31,7.44,75.60,10.34,44.76,94.52,82.01,67.33,200.74,364.27,22.61,6.20,8.72,4.80,30.99,6.44,54.13,9.00,0.00,793.30,1703.97,51.34,91.36,2.00,15.47,2.57,0.30,5.16,0.18,0.56,,161.24,104.11,22.98,31.96,507.27
João Alfredo,PE,58.45,134.15,28842.00,12304.24,67.35,61.94,46.05,78.69,50.16,87.04,53.51,81.92,64.63,45.78,55.43,43.33,53.42,63.72,23.74,92.23,742.51,162.02,16.15,2.39,49.64,38.89,64.89,62.10,41.07,89.60,91.09,98.86,60.34,3.91,30.72,8.18,0.30,0.12,17.38,5.20,4.91,1.14,81.76,2.60,49.04,94.34,89.89,68.18,286.71,454.57,24.12,7.53,1.83,0.35,41.15,2.76,54.10,7.00,8.00,1071.92,1306.22,72.53,86.54,4.00,14.00,0.22,0.29,0.72,0.18,0.29,,53.51,22.66,19.10,27.64,544.92
Belém de Maria,PE,58.35,75.91,10798.00,10254.95,68.51,60.55,46.00,75.49,64.85,88.20,45.51,80.56,62.38,49.07,50.21,30.15,59.34,76.77,17.73,87.77,554.31,181.58,19.64,2.50,59.90,67.96,75.92,45.46,70.34,91.96,82.65,95.15,51.50,10.85,43.33,7.23,0.06,0.00,19.18,4.94,4.58,3.48,95.43,0.23,39.22,85.16,90.83,69.95,277.52,462.90,25.59,1.83,2.97,0.00,31.54,0.29,62.16,3.00,4.00,339.85,1791.20,67.47,112.20,5.00,17.50,0.30,0.27,0.00,0.44,0.70,,76.21,0.00,16.75,22.75,488.15
Parnamirim,PE,58.34,2609.55,18960.00,14143.25,71.13,62.16,41.73,78.17,60.45,78.88,67.03,81.65,57.12,62.20,47.68,28.65,50.29,71.75,16.24,91.78,675.61,104.10,19.40,3.70,58.83,43.17,64.90,30.61,30.74,84.87,77.32,92.49,12.94,2.13,15.61,16.60,0.30,0.50,12.42,4.72,4.57,2.42,56.10,8.32,35.75,96.13,67.40,71.58,203.09,350.49,17.38,7.18,15.68,65.40,24.41,0.05,52.26,4.00,3.00,827.40,1856.81,60.44,112.21,2.00,16.49,1.19,0.31,2.07,0.18,0.75,,156.15,0.00,14.23,18.53,487.11
Vertentes,PE,58.34,196.32,23127.00,9894.76,64.80,62.34,47.86,71.35,56.19,91.76,39.91,78.07,59.94,53.43,57.93,30.90,48.93,82.78,28.84,55.77,1019.10,135.10,15.40,2.79,29.79,41.48,70.81,11.13,77.03,91.81,87.42,99.48,90.59,3.52,37.34,23.12,2.52,0.00,13.98,6.58,4.22,0.52,79.88,4.12,24.07,96.12,74.66,68.69,234.54,404.84,23.35,3.60,2.65,0.00,51.56,5.74,48.35,3.00,5.00,605.97,2324.75,53.17,76.70,1.00,15.05,0.51,0.30,0.00,0.91,0.31,,19.26,0.00,26.68,38.52,560.33
Solidão,PE,58.25,138.60,5386.00,11706.46,68.42,64.03,42.31,76.58,38.96,88.50,69.62,82.16,62.81,59.65,51.50,15.74,53.46,65.91,34.14,93.24,1048.50,109.68,16.38,4.65,28.65,35.29,36.35,37.68,36.76,95.18,92.37,99.61,0.00,14.98,14.60,7.32,0.04,0.00,15.00,7.38,5.47,3.16,69.97,22.21,40.31,92.28,58.29,70.27,176.22,421.94,22.93,3.64,6.79,27.85,36.27,0.00,49.99,1.00,0.00,1312.07,2255.89,45.91,69.40,3.00,15.56,0.40,0.29,0.00,0.89,0.41,,164.70,108.70,39.93,66.49,519.80
Rio Formoso,PE,58.24,227.46,20388.00,18370.86,59.27,65.27,50.19,73.53,47.84,78.60,37.11,77.92,73.85,50.14,59.16,49.71,55.83,69.03,26.19,86.38,770.83,199.41,16.42,3.14,58.58,23.34,53.56,59.89,56.88,58.53,82.53,97.60,113.85,5.64,46.94,12.44,0.20,0.86,24.98,6.88,4.46,2.76,92.37,30.54,54.00,95.12,80.80,73.56,287.16,546.56,28.61,1.94,2.39,1.47,6.89,1.44,53.26,8.00,8.00,329.61,1138.61,56.95,99.34,4.00,20.34,0.58,0.30,2.25,0.55,0.38,,55.44,17.27,41.98,42.76,472.88
Cumaru,PE,58.24,291.43,16215.00,10107.31,67.01,62.71,45.01,74.29,36.95,86.65,70.16,77.98,62.83,55.86,54.16,46.81,51.15,69.32,12.76,93.52,1276.43,209.94,12.93,3.42,18.17,10.40,60.82,47.52,50.87,91.64,84.30,97.11,32.39,0.00,13.32,15.73,1.30,0.18,24.40,5.30,4.22,1.14,73.62,19.60,28.79,97.79,72.64,68.18,193.93,373.09,23.29,4.86,3.48,0.00,51.74,1.42,48.68,8.00,7.00,377.80,1611.50,55.96,95.75,2.00,16.63,0.39,0.28,1.21,0.00,0.96,,24.23,36.40,3.93,3.67,509.64
Venturosa,PE,58.06,331.95,17563.00,16572.62,67.21,62.86,44.10,76.36,58.50,93.98,40.01,80.70,68.75,53.87,48.14,30.40,61.08,62.72,22.22,83.77,927.71,162.51,11.57,3.17,51.04,70.58,60.50,41.14,65.06,98.49,96.29,99.58,83.98,4.48,45.70,17.14,0.08,0.70,18.72,6.20,4.84,1.94,78.20,15.67,55.84,97.64,49.37,70.04,260.32,467.59,25.48,1.14,6.82,2.28,34.74,1.10,61.89,5.00,4.00,1011.31,2706.90,67.38,74.73,2.00,15.08,0.13,0.28,0.00,0.18,0.58,51.28,168.32,0.00,25.48,34.76,489.88
Sirinhaém,PE,58.05,374.32,39171.00,21991.19,64.62,64.46,45.07,67.51,61.21,88.30,41.45,78.17,69.78,50.88,59.04,54.72,45.96,59.72,19.88,65.90,759.49,202.66,16.08,3.85,68.59,70.66,61.38,58.04,78.77,79.08,88.00,98.13,104.44,1.98,39.07,17.61,0.44,0.30,22.18,6.22,4.10,2.10,90.68,22.56,44.34,94.64,69.72,70.76,271.29,501.78,25.36,3.01,1.94,2.30,5.84,1.60,54.90,13.00,7.00,737.71,2192.29,58.74,102.52,0.00,23.23,1.34,0.31,5.34,0.31,0.64,133.33,50.02,15.18,21.16,27.70,490.42
São Bento do Una,PE,58.04,719.19,51165.00,37312.19,67.99,63.10,43.02,78.62,52.91,91.24,49.17,78.35,68.06,55.12,50.87,39.45,51.04,58.02,23.59,93.33,784.86,156.84,12.92,3.13,42.54,60.00,53.85,36.78,62.09,93.94,91.89,99.17,72.97,5.35,38.58,13.91,0.48,1.48,19.82,8.96,4.92,2.10,81.01,24.81,43.38,96.07,58.64,72.34,274.88,422.49,22.17,10.42,8.74,2.54,42.11,4.11,56.75,4.00,9.00,737.61,2958.61,63.82,101.34,4.00,17.42,0.65,0.31,4.56,0.31,0.86,103.45,196.98,14.81,23.67,33.15,516.30
Terezinha,PE,58.03,151.63,6853.00,13369.47,71.47,57.01,45.60,77.99,50.07,91.76,66.05,77.60,61.80,44.82,43.84,28.33,49.31,59.14,45.60,94.24,1027.87,154.48,13.23,3.37,42.25,49.24,51.92,39.27,45.73,98.64,97.77,99.47,12.21,0.00,14.52,37.85,0.08,0.00,25.62,8.68,4.77,4.36,84.95,2.48,38.77,90.09,76.09,67.65,241.55,506.49,27.85,11.65,14.64,8.76,69.55,0.00,53.63,2.00,5.00,1043.55,1556.44,55.97,88.47,2.00,16.14,0.00,0.32,0.00,0.22,0.69,,278.08,111.42,63.42,86.65,546.71
Lagoa de Itaenga,PE,58.02,57.30,19863.00,27743.74,63.95,62.13,47.97,72.66,59.34,94.81,28.98,76.64,68.22,46.24,57.44,36.45,55.83,74.68,24.92,89.42,867.71,202.58,19.19,3.30,47.78,30.93,82.72,34.78,82.74,94.41,95.11,99.11,133.77,3.81,49.35,14.81,2.06,0.22,23.16,6.16,4.03,0.62,99.93,0.19,44.05,95.67,61.64,71.44,354.42,532.45,25.08,5.90,2.49,0.00,15.99,0.83,53.27,6.00,5.00,564.25,2117.10,68.94,100.74,3.00,15.65,0.10,0.28,1.00,0.55,1.00,,34.12,38.91,29.72,38.73,501.92
Paudalho,PE,57.85,269.65,59924.00,19224.03,61.79,65.13,46.63,76.19,57.20,79.57,34.20,76.86,71.66,53.21,58.81,52.99,50.24,65.07,18.21,94.97,791.04,171.88,13.76,3.89,61.42,27.68,68.03,43.61,60.85,74.32,72.61,93.88,122.52,8.66,48.25,15.69,0.70,0.26,25.00,6.28,4.18,4.34,97.32,15.50,50.97,95.12,68.91,71.92,265.89,444.57,26.63,5.42,1.93,1.34,13.70,4.57,57.42,11.00,7.00,544.68,1117.20,54.02,103.01,4.00,16.58,0.80,0.31,0.00,0.53,0.72,,169.74,91.45,15.42,18.36,508.90
Mirandiba,PE,57.84,821.68,14605.00,15145.98,74.22,57.32,42.00,76.35,68.72,83.21,68.59,78.92,50.17,53.16,47.02,46.16,50.18,52.54,19.11,93.83,1044.28,129.16,22.12,3.45,52.77,48.88,90.33,22.01,45.86,93.38,78.96,91.79,41.70,0.00,20.51,15.05,0.08,0.04,24.42,5.38,4.16,1.98,52.29,14.50,37.24,75.08,72.60,71.12,275.55,450.89,19.46,8.21,6.63,7.53,16.13,0.75,68.83,7.00,8.00,498.41,1345.80,64.48,121.16,1.00,19.16,0.67,0.28,5.81,0.00,0.49,6.62,169.98,80.13,22.22,28.70,475.22
Brejão,PE,57.82,159.79,9417.00,24099.82,68.07,54.37,51.03,73.49,51.69,88.43,58.66,74.45,58.09,42.27,42.65,57.48,48.59,64.09,33.97,96.25,1109.31,153.47,25.06,3.89,55.42,21.28,47.63,26.02,45.75,91.37,91.66,99.35,42.21,4.19,36.36,34.16,0.44,2.96,27.96,8.40,4.73,7.30,71.71,2.74,33.28,92.12,83.38,68.51,366.69,531.97,20.54,4.26,10.51,0.00,80.17,0.00,57.30,13.00,7.00,491.28,1087.64,46.74,74.70,3.00,14.65,1.43,0.32,3.30,0.00,1.00,,79.64,72.46,52.14,64.25,488.38
Itaíba,PE,57.80,1034.04,33995.00,11479.60,72.11,58.37,42.92,77.32,56.68,89.53,64.91,76.22,55.07,54.82,47.35,36.09,47.73,69.43,18.43,85.43,783.98,147.70,13.23,3.13,52.95,44.10,67.45,43.58,47.87,96.80,90.34,98.58,32.20,2.39,16.52,26.83,0.10,0.62,26.70,7.28,3.90,3.20,56.47,1.73,37.08,92.81,61.73,66.25,190.71,392.62,20.02,6.76,7.55,4.71,24.32,0.10,64.35,9.00,0.00,473.71,824.85,48.53,78.18,2.00,17.46,0.24,0.31,0.00,0.15,0.26,,9.68,14.74,12.04,18.63,520.62
Jucati,PE,57.74,120.17,12023.00,11876.40,69.33,62.60,41.30,77.83,44.43,89.88,65.18,78.79,64.30,50.56,56.75,24.06,49.62,62.57,28.96,93.22,678.55,158.04,8.53,4.17,24.02,62.04,43.98,34.60,47.45,92.34,95.93,99.35,34.63,0.00,18.51,43.85,0.34,0.10,18.62,8.96,5.02,4.70,98.73,9.81,21.27,93.57,77.09,65.87,244.53,443.02,18.29,1.70,3.34,0.00,13.04,0.70,53.93,5.00,0.00,677.80,2392.63,66.72,98.52,2.00,16.25,0.30,0.30,0.00,0.00,0.73,,83.60,51.09,35.22,40.91,531.50
Vertente do Lério,PE,57.70,73.63,7776.00,12018.00,66.42,60.77,45.90,79.90,34.11,88.87,62.81,79.02,62.64,49.50,51.90,26.82,55.32,76.22,25.25,96.68,734.36,152.76,14.09,2.84,4.66,16.07,38.74,11.22,40.19,95.94,95.80,96.82,34.11,5.15,22.97,10.21,0.76,0.00,27.32,5.74,4.70,1.12,88.46,1.57,30.94,94.98,96.08,68.54,218.05,476.36,22.27,7.65,3.04,0.00,54.47,1.60,53.55,7.00,0.00,1394.46,3699.21,49.29,85.21,2.00,14.04,0.00,0.34,0.00,0.22,0.81,,56.21,0.00,31.45,47.49,479.34
São João,PE,57.62,258.44,24895.00,15038.64,67.56,61.73,43.58,75.91,54.04,88.10,52.20,74.25,63.72,53.27,55.66,23.92,51.81,66.64,31.95,93.65,737.39,165.97,18.44,3.38,52.80,17.57,69.63,39.67,50.08,92.76,86.22,99.27,53.18,1.63,27.88,23.87,0.46,3.02,32.56,7.18,4.51,5.70,84.96,4.90,35.10,96.35,66.58,71.09,259.35,449.16,25.29,4.97,3.69,0.40,31.09,2.10,52.27,4.00,0.00,522.36,1534.44,61.59,102.58,3.00,15.86,0.00,0.29,0.00,0.18,0.68,,50.00,36.63,48.80,56.04,492.88
Jurema,PE,57.61,148.25,14002.00,10438.94,70.54,60.94,41.36,70.05,82.30,91.51,38.29,76.30,68.72,44.96,53.77,28.82,50.08,65.49,21.05,89.04,1018.76,193.31,23.18,4.03,69.58,85.32,99.71,24.49,70.26,95.89,93.25,94.87,92.52,2.79,53.56,4.23,0.06,0.12,26.44,9.56,4.53,4.70,91.04,9.68,47.53,96.39,56.16,65.87,339.46,501.15,20.75,0.00,3.58,0.00,30.66,2.37,56.94,6.00,0.00,400.42,1176.46,63.57,96.05,3.00,18.27,2.31,0.29,0.74,0.00,0.18,,112.08,0.00,25.01,33.42,479.91
Belém do São Francisco,PE,57.57,1830.83,18648.00,38362.83,69.88,60.12,42.71,72.52,68.28,74.34,64.38,77.07,67.18,51.28,44.93,27.71,53.54,59.70,29.87,76.04,1171.03,125.11,18.74,3.97,61.44,73.55,79.27,40.46,51.29,90.92,56.20,81.86,12.39,2.11,18.96,21.94,0.30,1.18,26.30,7.74,4.65,3.78,73.25,36.61,42.90,93.15,81.01,72.06,285.07,402.10,22.54,15.76,15.68,1.61,30.73,0.36,63.75,2.00,5.00,1050.57,1447.37,66.35,92.89,7.00,21.10,1.22,0.29,0.51,0.36,0.69,2.08,149.36,160.64,39.58,52.79,501.00
Itambé,PE,57.52,304.01,36652.00,16010.67,63.86,64.99,43.72,78.01,59.29,94.27,23.87,75.69,77.20,48.82,58.27,40.14,48.33,60.90,25.50,100.00,643.35,182.95,18.11,2.70,68.54,7.91,73.24,38.16,93.18,92.39,90.21,98.37,159.21,2.15,73.02,10.90,1.80,0.48,22.26,4.64,3.92,6.20,98.76,25.40,66.08,95.72,66.19,68.59,295.20,408.89,25.15,7.63,2.23,2.73,13.42,1.03,52.80,8.00,4.00,538.67,1554.83,56.42,97.59,2.00,20.36,0.41,0.31,1.36,0.15,0.00,,34.36,36.69,25.94,35.25,528.57
Taquaritinga do Norte,PE,57.48,475.18,25511.00,15761.36,63.34,65.18,43.93,80.96,43.55,92.29,36.56,76.65,73.80,55.77,54.52,26.28,54.97,71.99,22.46,90.60,706.90,134.47,12.38,2.49,15.97,48.39,47.65,21.00,73.57,94.80,89.78,98.60,86.65,3.09,43.85,43.87,0.60,2.20,21.94,9.22,4.80,3.46,88.87,14.20,72.68,95.29,85.04,72.76,256.95,417.69,22.67,4.71,4.44,0.78,43.82,1.68,49.26,5.00,0.00,509.62,1550.50,59.85,113.85,4.00,12.69,0.42,0.28,0.46,0.18,0.77,,20.04,16.27,22.73,33.68,503.48
São Benedito do Sul,PE,57.47,160.48,13456.00,9592.45,70.16,62.11,40.13,76.40,50.82,85.19,68.24,76.49,61.35,58.92,51.68,25.20,44.11,67.70,23.52,83.96,469.90,150.81,13.83,3.44,61.35,14.58,47.02,34.07,64.81,91.54,78.21,92.12,32.39,0.00,22.12,14.65,0.88,0.14,18.84,10.34,4.08,0.92,86.70,0.69,25.58,96.16,87.58,69.17,149.21,399.50,22.81,0.00,3.61,0.74,33.96,0.18,57.11,5.00,0.00,700.94,1439.05,61.01,86.79,3.00,23.59,0.70,0.32,1.71,0.22,0.30,,20.52,17.62,25.75,39.13,494.66
Capoeiras,PE,57.47,337.11,18854.00,14113.19,67.29,61.78,43.33,75.55,39.82,89.40,64.40,77.12,58.29,55.40,56.30,25.04,51.80,67.87,28.62,90.41,697.04,174.24,16.63,3.30,31.49,36.71,40.35,45.05,39.95,98.40,90.51,99.79,17.73,6.26,15.67,19.88,0.56,1.10,23.36,7.70,4.42,2.94,60.94,1.72,51.21,90.52,55.63,69.74,249.00,448.79,18.49,6.28,5.15,3.18,31.04,3.13,50.30,4.00,0.00,637.02,1088.07,47.82,93.27,5.00,11.76,0.68,0.31,1.98,0.36,0.84,,87.95,41.28,39.68,52.98,484.63
Primavera,PE,57.46,113.56,14380.00,22280.88,60.58,66.06,45.74,75.95,49.75,81.76,34.87,76.67,74.71,55.59,57.28,16.01,55.86,89.83,21.26,67.61,556.22,140.98,11.34,2.58,52.39,67.78,46.51,63.17,62.55,80.31,81.66,89.52,103.61,5.59,57.19,12.55,0.92,1.42,20.48,7.60,4.07,1.80,90.02,51.41,42.06,95.07,58.17,71.03,230.78,386.85,28.53,6.97,2.33,2.09,10.80,0.82,55.20,1.00,0.00,618.07,2191.55,71.76,103.56,2.00,20.60,0.59,0.28,0.96,0.67,0.98,,5.59,0.00,23.16,28.91,498.96
Machados,PE,57.45,58.32,11387.00,23861.77,71.06,60.28,41.03,76.81,53.58,90.86,62.98,79.62,57.87,47.90,55.73,16.91,61.33,62.74,23.14,91.34,659.84,189.09,13.74,2.86,65.81,2.94,67.89,49.80,70.95,90.80,90.13,98.28,42.27,3.27,25.40,20.53,0.04,0.00,21.04,7.82,4.97,3.56,92.38,1.39,28.81,80.03,72.99,70.99,290.44,549.31,25.25,5.06,2.77,0.00,38.60,0.01,48.44,2.00,0.00,1058.11,2476.23,64.90,90.01,2.00,15.72,0.00,0.29,0.58,0.44,0.90,,184.76,288.00,26.52,37.52,491.60
Cortês,PE,57.43,103.42,10426.00,14172.36,67.61,59.77,44.90,66.14,75.86,86.18,42.26,78.88,60.31,43.41,56.48,37.22,53.62,65.69,23.08,56.80,1535.93,221.24,15.18,2.71,74.70,71.70,77.20,21.12,65.37,85.94,84.56,94.57,81.64,0.00,47.39,3.75,0.90,0.00,20.48,5.94,4.40,2.30,76.21,0.17,34.33,95.92,71.21,67.42,341.31,534.90,23.40,0.00,1.26,3.84,25.96,1.52,55.77,6.00,5.00,986.11,992.50,60.94,102.18,3.00,16.94,1.42,0.29,0.00,0.22,0.50,,60.98,24.13,23.49,31.06,515.61
Jaqueira,PE,57.43,87.21,10440.00,12388.31,67.88,61.36,43.05,71.25,58.07,85.05,57.15,74.13,68.64,47.92,54.74,38.26,46.77,62.33,24.82,91.71,1391.78,227.92,15.25,3.76,43.85,26.23,72.27,15.84,44.85,92.65,83.39,94.85,49.43,0.00,26.06,15.04,0.96,0.38,32.84,7.20,4.01,4.80,94.25,14.79,40.73,95.08,85.58,70.07,241.12,620.86,28.20,0.00,2.30,1.92,20.63,3.32,61.24,7.00,5.00,657.18,1871.83,70.45,102.44,3.00,24.45,2.33,0.30,1.12,0.44,0.86,,175.11,310.42,28.64,41.71,496.34
Trindade,PE,57.40,295.76,32257.00,20281.21,72.49,63.68,36.04,71.38,71.75,85.78,61.04,78.11,70.23,51.67,54.73,17.31,47.75,54.20,24.92,89.79,1090.25,175.01,22.44,4.04,64.76,33.55,94.86,22.24,65.24,91.73,71.28,97.53,31.19,4.98,22.25,22.30,0.34,1.14,19.16,8.86,4.83,3.76,91.27,24.33,44.44,94.50,76.02,71.05,277.60,475.12,17.04,12.66,4.03,5.58,32.45,2.71,53.64,1.00,0.00,525.23,1902.97,60.07,86.99,4.00,20.73,0.38,0.31,1.02,0.31,0.97,52.63,283.41,164.19,27.27,39.75,506.32
Santa Cruz da Baixa Verde,PE,57.38,114.93,11934.00,12043.15,65.31,64.83,41.99,80.01,25.21,90.76,65.27,79.84,66.33,57.51,55.62,24.30,49.29,68.37,26.01,94.61,898.16,131.35,13.90,3.08,5.02,45.26,1.48,22.16,54.31,94.66,96.56,97.30,7.10,6.57,11.70,10.02,0.48,1.24,15.78,7.42,5.10,3.82,89.16,5.07,43.22,95.93,84.13,72.14,245.29,400.07,19.15,5.02,3.39,2.51,29.57,2.70,53.88,5.00,0.00,961.05,2092.81,50.02,63.53,4.00,16.84,1.20,0.28,1.65,0.67,0.75,,111.73,75.76,28.38,42.80,509.34
Calçado,PE,57.33,121.44,11453.00,11728.89,69.32,64.26,38.41,80.74,41.35,90.43,64.74,75.63,62.55,59.69,59.20,18.22,49.29,57.29,28.81,91.52,712.72,121.30,11.39,3.18,26.48,40.61,37.85,28.75,47.21,95.67,94.36,99.55,35.63,3.49,26.15,13.95,0.12,1.60,24.40,8.50,4.27,5.28,86.59,3.80,33.01,93.65,72.67,68.84,195.33,307.54,19.91,5.24,1.97,0.00,13.44,2.11,53.23,2.00,0.00,685.29,2621.92,63.14,109.29,2.00,17.51,0.76,0.29,0.00,0.22,0.34,,149.92,144.67,46.37,55.01,462.92
Ipojuca,PE,57.30,521.80,106539.00,168692.43,61.54,67.22,43.14,64.04,54.97,85.12,42.04,77.61,80.71,54.25,56.32,23.50,52.01,49.20,47.85,73.18,796.29,203.73,12.19,6.73,46.49,53.64,65.74,45.87,81.86,69.16,84.08,97.85,88.30,3.91,36.39,14.31,0.28,0.32,21.36,7.76,4.20,2.96,96.56,34.63,75.44,96.90,67.09,71.44,257.85,479.08,22.72,3.33,11.56,0.84,8.54,1.27,49.78,4.00,0.00,630.86,1452.46,63.88,109.11,4.00,18.52,1.65,0.28,1.45,0.00,0.90,91.60,379.61,97.94,86.91,84.88,512.27
Xexéu,PE,57.24,110.81,11699.00,17209.16,65.87,57.80,48.04,64.97,79.24,91.66,27.62,73.73,63.37,37.41,56.68,35.02,47.73,75.94,33.45,69.09,909.85,271.44,18.59,3.97,80.84,91.15,64.15,10.22,80.73,92.66,88.67,96.59,130.12,0.00,67.58,18.20,0.68,0.76,24.18,13.98,4.32,2.08,77.66,6.06,38.36,98.07,50.91,67.15,441.56,766.99,23.10,3.26,5.64,3.42,12.53,1.03,51.48,4.00,4.00,424.88,868.99,42.88,118.48,2.00,20.58,0.60,0.31,0.44,0.44,0.42,,42.84,0.00,48.83,69.41,478.46
Brejinho,PE,57.23,106.07,8033.00,11911.24,72.69,59.20,39.81,75.36,63.65,88.58,63.15,80.21,61.76,40.62,54.20,31.12,49.30,56.59,22.25,98.21,529.71,205.34,22.22,2.61,49.35,49.48,69.21,10.61,20.04,98.32,99.13,99.47,10.95,5.01,12.59,27.59,0.18,3.52,15.60,9.08,5.70,1.72,76.19,0.00,37.36,98.35,82.89,65.84,298.74,550.89,24.43,5.03,2.88,4.98,37.92,0.88,52.33,7.00,0.00,700.03,884.11,53.23,110.23,3.00,15.62,0.80,0.30,4.76,0.22,0.85,,340.99,385.67,23.23,38.79,486.74
Lagoa dos Gatos,PE,57.21,224.95,14333.00,11779.18,64.86,61.01,45.75,75.86,60.95,88.65,33.97,77.86,68.42,46.05,51.73,30.38,52.06,78.71,21.83,80.60,529.10,162.40,14.84,2.85,61.60,69.41,67.89,56.47,65.47,96.19,87.33,92.35,114.88,10.87,49.33,2.71,1.04,0.48,18.28,7.54,4.53,3.72,88.64,23.41,35.68,96.83,73.82,68.49,276.30,520.97,25.03,6.78,3.47,2.09,35.50,4.77,63.15,7.00,0.00,339.85,1791.20,67.47,112.20,2.00,14.91,0.25,0.31,1.53,0.22,0.93,,35.02,0.00,24.83,30.39,497.67
Chã Grande,PE,57.19,84.79,21258.00,15294.43,67.48,66.38,37.72,75.12,61.59,79.57,53.62,75.59,73.91,56.11,59.92,24.35,49.72,50.34,26.48,79.13,897.11,184.70,9.43,3.02,55.92,62.31,65.86,35.91,50.36,78.04,70.72,96.11,54.18,3.75,30.18,7.55,2.44,1.28,20.76,4.32,3.71,2.98,93.94,36.08,49.27,93.96,75.67,73.18,246.02,473.35,22.56,4.72,1.33,0.94,13.20,1.00,51.75,5.00,0.00,805.94,1554.19,64.51,79.09,5.00,15.15,0.60,0.30,0.33,0.73,0.31,111.11,463.47,138.07,29.01,42.65,513.80
Ipubi,PE,57.19,693.91,30720.00,13428.87,65.84,62.17,43.56,70.85,50.21,81.89,60.40,79.47,65.52,52.21,51.47,24.52,46.06,80.54,23.13,98.15,902.94,119.69,17.75,7.44,32.44,40.17,54.44,19.52,53.84,77.53,79.03,96.38,20.22,5.30,25.16,31.01,0.80,0.30,14.44,7.42,4.53,2.06,79.07,7.83,51.56,94.53,53.24,67.72,287.45,394.34,15.67,11.90,5.28,10.74,43.95,2.49,54.68,5.00,0.00,751.76,2024.29,63.86,109.57,2.00,20.42,0.94,0.31,1.23,0.73,0.58,,43.35,0.00,22.86,32.52,514.32
Pesqueira,PE,57.08,970.44,65481.00,16526.08,67.28,61.22,42.74,68.76,61.33,90.56,48.46,75.37,68.91,49.20,51.38,38.54,48.96,54.19,29.27,71.01,1266.75,156.27,15.00,4.87,51.93,66.61,67.24,35.81,65.02,96.04,88.71,96.80,62.80,6.55,33.00,22.92,0.84,2.12,25.96,7.42,4.48,5.30,79.88,31.89,42.63,95.95,80.53,70.04,296.06,460.42,21.94,6.72,3.26,5.96,31.59,1.37,60.08,3.00,6.00,263.84,378.34,51.11,92.50,9.00,18.96,1.07,0.28,3.17,0.27,0.42,10.90,288.27,41.04,34.23,45.79,526.19
Inajá,PE,57.06,1240.96,27758.00,9950.43,63.53,58.29,49.37,77.43,50.03,66.76,59.89,73.18,51.77,59.55,48.64,66.92,42.87,61.42,26.26,84.88,506.35,125.84,15.73,3.42,33.58,24.72,73.24,38.16,32.37,84.53,60.88,70.08,38.43,5.98,36.31,10.46,0.38,2.36,34.08,8.86,4.23,4.80,48.99,9.20,23.86,92.52,45.03,67.66,197.48,321.60,22.01,4.56,4.94,1.80,27.20,1.32,65.29,13.00,12.00,558.03,862.66,56.69,89.61,3.00,23.92,0.57,0.35,0.00,0.73,0.40,2.10,115.06,212.28,37.13,46.41,478.58
Serrita,PE,57.02,1535.19,18764.00,10444.95,71.99,60.13,38.96,76.69,57.46,85.44,68.35,81.56,57.04,55.91,46.01,17.54,50.88,58.85,28.55,93.26,1151.48,97.02,16.60,4.85,43.49,46.83,58.47,13.35,42.23,93.03,81.47,97.67,8.76,2.15,9.58,3.19,0.60,0.04,19.44,3.72,4.60,0.54,49.67,25.69,29.25,95.06,72.85,70.62,246.80,374.55,18.21,11.70,10.92,44.77,40.73,0.53,56.15,2.00,0.00,1047.16,2445.92,56.48,85.19,3.00,15.04,0.28,0.30,1.69,0.00,0.83,,152.26,159.11,34.26,51.22,503.55
Passira,PE,57.01,327.21,29744.00,9867.54,69.86,62.62,38.55,78.63,46.33,87.41,67.07,81.36,62.46,52.23,54.43,32.31,51.80,53.76,16.32,87.63,697.72,140.98,14.05,2.86,40.60,1.93,59.97,31.38,63.03,89.51,80.50,98.60,20.48,1.31,15.44,14.11,0.10,0.44,16.98,5.46,4.86,2.48,80.05,6.39,33.52,96.43,81.91,70.78,247.45,430.66,26.84,4.70,2.41,1.01,57.74,4.32,52.15,8.00,0.00,367.72,1736.31,65.58,103.98,4.00,14.50,0.35,0.29,0.00,0.55,0.90,1142.86,186.56,75.24,12.77,15.21,500.54
Jupi,PE,56.96,104.83,16022.00,15425.66,59.08,66.38,45.42,75.94,29.21,92.70,38.46,80.25,80.02,49.83,55.41,15.95,52.89,81.53,31.30,99.64,1237.49,214.58,12.25,3.27,5.59,55.38,15.10,31.03,66.73,96.69,91.54,99.70,79.20,5.02,31.94,26.81,0.00,0.08,16.64,9.18,5.18,3.20,97.88,38.07,71.21,94.62,33.45,66.88,286.64,497.07,20.84,5.09,3.38,0.00,11.90,0.56,56.84,1.00,0.00,677.80,2392.63,66.72,98.52,2.00,14.67,0.90,0.30,0.00,0.36,0.70,,12.53,0.00,45.03,54.65,498.83
São Lourenço da Mata,PE,56.96,263.69,118258.00,15145.35,62.45,67.41,41.01,66.46,61.58,82.70,39.05,76.73,76.03,52.83,64.06,34.51,53.55,53.74,22.22,60.77,963.35,186.66,15.61,4.19,68.15,43.89,81.02,64.32,71.99,70.97,77.38,97.68,115.82,3.95,50.09,7.55,0.98,0.76,22.08,5.46,4.13,5.50,99.36,28.10,55.13,96.90,80.65,72.57,263.78,483.73,24.89,4.47,0.99,0.17,6.36,4.80,51.64,4.00,5.00,519.15,1254.41,54.80,90.71,4.00,13.35,1.47,0.28,11.83,0.40,0.87,58.25,469.38,52.02,21.96,28.78,514.81
Amaraji,PE,56.90,233.24,18335.00,16787.13,69.15,61.93,39.63,74.47,67.67,83.11,51.37,77.47,68.46,45.77,56.00,18.04,47.10,71.53,21.87,84.34,1145.54,199.94,9.94,3.21,65.82,70.59,73.24,39.58,70.12,79.19,78.61,93.02,73.36,4.08,40.50,14.61,0.54,0.00,23.58,6.56,3.70,0.26,87.61,20.83,43.90,94.30,70.48,69.89,302.42,480.19,24.69,14.82,2.66,0.55,20.04,0.98,54.90,2.00,0.00,618.07,2191.55,71.76,103.56,4.00,22.00,0.51,0.29,0.31,0.44,0.87,,30.82,66.36,23.37,27.17,510.39
Sertânia,PE,56.84,2409.51,34271.00,11790.35,68.38,62.84,39.29,72.11,49.06,87.65,64.73,79.32,63.49,54.42,54.14,27.20,48.27,56.20,25.47,86.42,1350.27,133.78,24.78,3.96,43.70,49.02,61.87,60.78,54.02,94.16,82.62,97.90,20.35,2.27,17.38,27.28,0.34,0.60,22.86,5.24,4.68,3.74,60.07,25.72,45.26,96.53,67.14,70.14,227.92,376.14,27.55,7.55,7.30,0.58,22.71,2.31,54.43,5.00,0.00,363.11,1491.61,60.62,122.52,5.00,17.57,0.22,0.29,2.92,0.15,0.93,39.22,218.27,45.07,27.69,38.28,515.77
Sanharó,PE,56.83,268.06,18812.00,14336.27,67.33,63.93,39.23,79.06,68.20,91.39,30.66,77.47,68.82,51.95,57.46,22.78,50.76,56.45,26.92,89.66,825.45,110.08,17.50,3.10,60.40,64.21,84.75,40.19,73.48,94.31,87.47,97.98,79.55,14.14,34.85,37.16,0.22,0.86,24.32,8.26,4.27,0.82,94.78,20.89,54.26,84.15,61.94,70.47,331.76,344.56,23.90,7.10,5.51,5.32,41.18,8.51,51.88,3.00,0.00,672.83,658.02,57.40,73.15,3.00,18.24,2.55,0.28,0.79,0.00,0.74,,273.37,144.27,31.67,46.46,502.27
São Caitano,PE,56.79,382.48,39243.00,14677.32,65.05,63.81,41.51,74.90,68.79,88.45,28.04,76.59,69.10,51.41,58.15,24.86,50.96,66.20,24.00,92.93,906.14,186.35,16.27,3.45,60.54,50.06,80.18,20.46,69.31,92.56,77.65,98.77,131.52,4.03,53.64,20.10,0.52,0.84,22.40,7.40,4.36,5.64,93.97,0.68,54.42,96.14,51.46,70.38,299.09,474.21,23.17,5.68,4.12,2.29,24.33,2.02,48.17,5.00,0.00,765.99,1564.72,63.69,102.27,3.00,16.16,1.32,0.30,7.69,0.00,0.54,,40.23,7.92,25.68,35.96,508.69
Goiana,PE,56.72,445.40,85497.00,162504.22,58.40,69.23,42.53,75.49,50.24,81.93,25.95,77.95,82.78,50.87,65.32,25.47,51.69,48.20,44.77,88.89,1040.13,168.41,16.42,3.14,47.76,15.57,65.66,42.51,71.55,68.80,78.43,96.66,130.90,7.78,51.19,17.05,1.20,0.08,19.56,4.52,3.86,3.06,99.74,57.80,66.20,93.54,73.98,71.75,269.66,455.22,30.70,4.03,2.09,1.52,7.90,6.58,47.97,0.00,0.00,75.80,219.28,41.00,105.40,6.00,17.31,1.24,0.29,3.00,0.35,0.64,48.19,741.95,179.71,78.11,74.32,524.92
Jataúba,PE,56.70,714.60,16328.00,11782.46,58.48,60.09,51.52,72.03,34.16,85.32,42.41,76.98,56.34,52.98,54.07,39.20,54.94,78.84,33.10,74.34,1278.69,152.12,19.76,3.08,11.81,56.00,19.57,24.29,30.66,94.74,85.68,97.69,85.17,0.00,37.88,31.78,1.24,0.08,20.44,6.66,4.06,3.34,55.40,7.55,36.99,94.12,29.46,67.74,292.42,424.37,18.54,8.56,5.12,4.90,26.87,2.20,54.73,5.00,6.00,384.08,1411.67,49.46,77.12,1.00,17.27,1.83,0.28,0.52,0.36,0.75,,33.98,0.00,40.41,58.12,526.02
Iati,PE,56.69,635.14,17570.00,13432.73,67.79,57.17,45.09,75.40,56.65,88.92,50.20,73.47,52.78,51.31,51.14,27.94,53.00,69.68,29.75,96.38,620.25,160.36,17.51,4.26,44.33,44.16,73.24,38.16,50.42,97.04,86.79,98.04,50.69,4.51,37.05,22.46,0.94,0.12,27.70,11.82,4.18,3.74,52.86,3.41,58.23,75.74,79.50,71.09,274.94,444.20,23.50,7.85,7.12,5.69,27.76,0.39,56.03,5.00,0.00,530.72,538.50,61.71,108.76,6.00,18.53,0.00,0.32,0.30,0.00,0.94,,33.65,18.83,36.35,51.73,511.38
Manari,PE,56.69,386.57,27046.00,6771.94,65.71,60.05,44.30,76.67,31.69,88.31,66.17,75.49,47.56,60.55,56.58,36.85,51.72,68.34,20.29,88.67,636.18,135.36,16.74,3.67,26.15,4.00,37.66,47.51,28.87,96.00,97.43,98.29,24.27,3.15,19.56,9.24,0.48,0.12,22.04,9.70,3.67,1.92,45.75,0.32,17.67,91.26,63.59,65.89,128.50,322.17,21.00,2.35,2.20,0.37,18.21,0.92,55.08,4.00,6.00,558.03,862.66,56.69,89.61,4.00,19.82,0.30,0.30,0.00,0.36,0.94,,83.45,62.31,25.55,36.43,461.32
Itaquitinga,PE,56.65,162.74,17142.00,13023.51,63.56,61.18,45.21,72.91,53.43,91.27,36.64,74.68,66.90,42.53,60.61,45.22,50.01,55.10,30.51,85.93,931.92,202.65,18.27,2.92,65.14,24.77,61.38,56.08,78.65,90.31,90.02,97.09,96.26,5.05,49.11,2.34,2.26,1.86,25.32,4.08,3.55,2.34,82.93,15.84,42.14,96.88,74.59,67.87,324.52,500.33,29.05,3.51,1.67,1.17,8.02,0.11,49.63,5.00,10.00,570.00,1738.40,60.13,94.91,2.00,20.24,0.21,0.28,0.00,0.36,0.92,363.64,217.17,36.99,38.03,54.45,509.42
Alagoinha,PE,56.61,208.15,14460.00,13814.04,65.66,63.56,40.62,77.34,47.34,89.67,48.28,74.22,67.50,56.20,56.31,34.02,49.57,49.33,29.57,95.01,1154.06,132.74,21.52,3.03,23.83,49.31,51.84,22.27,64.34,95.52,82.30,98.90,42.46,11.24,30.62,13.92,0.52,0.12,31.18,6.30,4.18,9.98,90.11,9.61,42.25,96.70,74.34,73.04,288.50,386.35,25.10,1.39,4.22,3.46,25.55,0.65,49.45,3.00,6.00,556.85,1037.78,57.14,60.49,3.00,17.57,4.60,0.30,0.00,0.44,0.18,30.08,193.65,301.89,41.85,61.01,470.47
Condado,PE,56.54,89.64,25416.00,11606.35,62.67,65.51,41.45,76.57,39.03,92.66,42.42,77.14,78.66,42.39,63.84,30.38,47.13,66.76,21.52,90.00,753.54,178.51,12.75,3.21,40.01,0.63,52.03,53.10,92.07,90.12,85.93,98.64,77.71,1.52,34.65,14.18,0.18,0.06,26.78,6.24,3.99,3.28,99.70,43.22,53.34,97.11,81.25,67.79,327.70,475.96,29.84,2.36,1.19,0.39,13.33,2.31,45.82,7.00,0.00,632.15,945.73,61.98,99.20,3.00,16.16,0.26,0.31,6.47,0.55,0.61,,134.96,27.93,21.14,31.98,500.44
Orocó,PE,56.48,554.76,14129.00,13610.94,69.84,59.69,39.92,76.99,63.06,74.03,65.29,77.30,57.49,54.82,49.14,20.92,50.03,52.71,36.00,87.72,319.58,127.69,21.01,3.19,83.73,79.27,42.55,52.82,47.12,56.81,78.63,92.48,38.71,0.00,35.62,19.93,1.64,0.56,16.84,5.02,3.90,3.76,44.92,37.30,56.26,77.90,85.98,70.96,274.08,354.33,21.95,4.28,4.86,8.49,18.89,0.71,65.19,2.00,0.00,512.03,727.54,65.35,96.90,2.00,19.91,1.51,0.30,1.49,0.00,0.57,6.51,203.82,104.12,51.46,80.38,475.86
Água Preta,PE,56.48,531.93,26981.00,9771.39,64.88,60.92,43.63,64.06,66.70,89.86,38.90,73.11,61.93,51.29,57.33,32.99,48.79,72.83,19.90,67.23,994.37,215.00,21.27,4.34,70.33,65.98,80.36,58.54,69.98,89.73,92.85,95.10,93.88,5.45,38.76,9.89,1.64,0.12,31.70,9.52,4.08,3.42,77.35,2.42,38.42,96.12,63.68,70.64,263.85,540.25,25.02,0.68,4.19,1.11,14.57,0.94,51.28,3.00,4.00,424.88,868.99,42.88,118.48,3.00,19.05,8.23,0.29,0.71,0.36,0.65,,15.09,25.13,20.53,29.27,488.56
Ouricuri,PE,56.42,2381.57,68489.00,14844.78,69.49,61.62,38.15,74.13,72.12,86.25,45.47,74.87,64.26,57.82,49.53,26.02,48.82,52.26,25.49,86.46,647.06,142.59,20.07,3.93,61.52,73.00,77.23,18.66,46.14,95.12,83.31,95.90,52.12,5.83,29.09,53.19,1.54,2.80,20.14,7.92,4.03,2.50,62.49,29.46,44.03,95.72,70.38,71.40,226.64,375.74,19.68,10.87,4.91,15.33,40.95,1.61,58.28,6.00,0.00,1054.99,1823.88,62.89,108.31,4.00,18.40,9.62,0.30,1.46,0.40,0.92,43.96,540.91,227.00,28.95,39.88,508.40
Poção,PE,56.39,205.12,10792.00,12306.06,66.74,57.94,44.47,78.60,44.93,90.24,53.20,80.51,60.78,40.73,49.76,26.36,59.67,65.28,26.58,98.41,981.73,152.91,16.31,3.12,7.89,45.31,59.01,15.38,63.33,96.73,86.80,97.21,44.89,7.03,20.12,7.33,0.08,0.06,21.12,5.48,4.72,2.54,71.72,20.52,46.34,82.68,66.00,65.59,296.58,462.83,28.91,12.89,5.42,4.63,28.39,1.76,62.39,4.00,0.00,389.46,1206.42,46.88,114.58,2.00,17.14,2.18,0.29,0.00,0.44,0.85,,174.67,84.75,30.27,46.16,502.78
São Vicente Férrer,PE,56.33,112.47,17177.00,22367.82,62.25,62.37,44.36,78.40,45.08,85.82,39.69,76.06,71.34,44.63,57.46,31.36,55.68,61.49,28.90,95.98,808.31,188.78,13.65,2.52,40.48,45.35,49.81,54.48,45.39,85.36,89.18,98.21,113.39,0.00,59.18,10.44,0.46,0.06,25.20,7.94,4.08,4.40,96.99,8.94,55.12,95.52,75.49,67.90,277.80,502.59,26.76,8.12,3.11,0.00,35.77,4.29,51.17,6.00,0.00,398.37,390.04,57.20,94.65,3.00,17.33,0.35,0.30,1.13,0.36,0.70,,449.15,39.66,35.51,52.72,500.70
Águas Belas,PE,56.16,885.99,43822.00,11173.31,68.21,57.37,42.91,74.87,46.30,86.23,65.43,71.49,60.42,48.62,48.96,43.15,49.17,58.45,20.88,88.01,730.18,162.98,16.04,3.74,32.72,40.47,48.00,29.71,53.30,88.49,86.27,96.12,18.04,4.51,22.97,12.87,1.80,3.24,30.30,11.06,4.41,3.56,61.35,15.68,40.88,94.82,70.49,66.44,261.03,450.07,20.78,5.96,4.89,0.68,23.62,3.22,68.56,6.00,8.00,726.18,1168.44,70.77,128.32,4.00,18.58,1.32,0.31,2.14,0.15,0.74,2.53,165.77,84.81,22.82,29.89,492.73
Tacaratu,PE,56.13,1264.53,24898.00,10530.89,68.41,59.86,40.11,75.34,48.34,82.72,67.24,70.99,64.66,53.36,50.44,29.91,52.77,52.51,25.25,90.44,645.46,136.01,20.09,3.94,45.87,15.30,69.43,53.91,39.99,84.90,82.29,96.38,16.28,1.65,14.66,10.58,0.38,7.50,34.02,11.52,4.87,3.72,60.86,37.48,42.30,94.76,88.87,67.63,207.95,339.50,21.47,9.77,6.85,0.80,20.09,2.92,64.15,2.00,6.00,762.61,1059.49,75.88,70.04,6.00,18.13,0.15,0.29,2.47,0.00,0.81,15.65,244.26,112.99,28.37,41.29,503.55
Saloá,PE,56.00,251.55,14125.00,17830.37,68.76,58.18,41.06,76.91,49.72,92.09,56.31,75.20,58.25,48.15,51.13,18.95,48.18,71.01,26.11,97.49,999.86,146.47,17.91,3.74,43.06,44.79,39.31,20.64,59.07,94.00,96.44,99.68,24.81,13.28,31.91,26.42,1.12,1.02,27.68,10.06,4.77,3.36,79.96,1.20,36.96,85.34,70.65,69.61,311.56,472.89,23.29,5.49,4.97,2.83,33.56,0.69,57.13,2.00,0.00,751.36,1609.55,55.29,69.86,3.00,14.17,2.77,0.32,0.89,0.44,0.85,,34.44,64.17,33.08,43.57,495.26
Brejo da Madre de Deus,PE,55.94,761.82,51308.00,10330.46,66.61,61.15,40.07,74.96,52.03,89.62,49.81,72.94,63.36,52.29,56.01,30.52,47.07,56.43,26.26,90.35,644.81,151.14,17.20,4.14,28.50,62.03,56.38,23.27,70.04,93.06,82.06,98.61,67.74,5.48,35.63,11.88,0.66,4.06,20.96,7.22,3.98,9.90,85.71,8.98,33.27,93.69,77.79,69.06,257.15,410.01,21.46,5.94,1.89,0.39,29.14,4.62,58.95,8.00,0.00,745.29,2475.40,55.44,83.51,6.00,17.70,1.19,0.30,1.65,0.15,0.98,117.65,115.89,52.93,28.33,39.86,519.90
Palmares,PE,55.92,339.39,56475.00,20470.15,62.38,63.93,41.44,69.04,70.54,88.68,21.27,78.60,71.41,45.81,59.92,32.13,51.62,49.11,32.89,66.11,1058.27,213.70,9.70,3.62,77.92,72.17,84.15,62.50,62.05,90.86,87.99,96.87,138.76,7.44,63.82,21.24,0.40,0.46,22.74,6.50,4.42,2.18,90.64,19.12,54.10,95.44,63.39,69.62,305.67,531.44,27.94,4.86,2.10,0.00,17.47,6.28,56.16,0.00,6.00,305.12,666.25,39.73,103.64,10.00,17.11,1.63,0.28,13.61,0.13,0.58,93.75,406.93,23.96,43.28,53.33,527.17
Chã de Alegria,PE,55.90,49.33,13496.00,14098.47,64.63,64.52,38.56,72.08,65.09,88.37,32.99,79.32,67.82,49.10,61.83,28.52,47.89,63.61,14.23,79.01,750.14,180.41,18.49,3.29,64.94,39.94,69.11,21.96,64.10,88.20,86.43,98.12,117.77,8.76,53.81,5.99,0.84,0.02,13.94,6.24,4.04,1.56,99.22,2.75,44.07,93.68,98.40,70.69,331.27,448.20,20.67,0.00,1.27,1.48,6.07,0.10,48.68,6.00,0.00,525.04,1159.25,61.77,105.90,2.00,18.18,2.71,0.30,0.49,0.22,0.57,,46.69,115.32,13.32,17.36,467.37
São José da Coroa Grande,PE,55.86,69.18,19511.00,19961.61,57.85,65.92,43.82,72.66,57.38,82.71,18.63,77.69,83.02,40.94,62.04,30.89,51.14,68.27,24.98,90.94,646.15,215.00,15.98,3.73,63.73,2.67,90.75,61.08,83.90,65.51,77.66,97.14,250.43,11.91,95.78,15.45,0.36,1.24,23.28,6.00,3.99,1.40,94.66,65.27,63.23,95.58,63.26,69.15,385.83,528.06,27.67,5.14,1.44,0.51,10.78,3.98,51.99,3.00,4.00,409.74,1507.05,60.50,132.41,2.00,21.28,0.46,0.30,4.08,0.18,0.80,333.33,15.86,0.00,30.46,38.85,500.16
Ilha de Itamaracá,PE,55.60,66.15,25658.00,11625.81,55.71,69.41,41.70,68.83,60.81,77.20,16.00,79.42,78.95,55.89,63.37,36.45,52.96,59.72,17.65,56.91,666.16,156.78,15.54,3.70,64.80,4.75,95.67,54.98,56.50,57.78,75.97,98.50,191.30,19.44,80.57,6.35,0.62,0.08,15.94,7.24,4.36,1.42,99.99,37.60,61.74,95.83,84.60,73.55,262.48,412.01,25.14,3.97,0.57,0.00,9.38,4.09,52.80,5.00,6.00,901.22,943.06,72.63,95.31,6.00,17.82,1.17,0.29,3.48,0.36,0.72,,248.53,194.99,14.42,22.34,494.86
Escada,PE,55.42,342.16,62174.00,25449.59,61.65,66.44,38.18,71.71,66.62,85.67,22.60,79.47,75.00,47.42,63.87,15.86,51.65,63.74,21.49,70.75,945.34,189.44,10.01,3.52,77.21,47.43,81.66,58.38,72.36,77.84,82.98,97.30,198.16,6.76,66.56,12.38,0.72,0.18,16.64,4.74,3.87,1.06,93.47,32.36,56.24,95.31,81.85,71.83,334.16,490.67,24.81,5.73,3.01,1.13,5.91,8.12,52.10,1.00,0.00,934.48,2486.93,51.98,68.72,7.00,17.73,2.24,0.28,3.67,0.31,0.77,34.48,47.67,15.51,23.13,28.30,503.50
Calumbi,PE,55.16,179.31,5354.00,11626.63,67.19,58.25,40.04,69.12,47.05,88.67,63.92,79.58,59.38,41.07,52.98,22.34,48.04,64.82,24.96,89.53,1256.60,210.67,24.66,3.68,35.82,48.10,51.29,41.57,32.36,96.97,96.37,97.99,0.00,14.47,40.72,18.46,0.06,0.74,18.26,8.12,4.68,1.38,58.10,0.28,53.52,95.04,86.15,67.90,315.54,515.30,25.08,11.10,3.79,9.34,16.79,0.00,58.01,3.00,0.00,777.04,1132.23,49.98,94.95,4.00,19.13,1.81,0.32,0.00,0.44,0.82,,136.89,130.72,28.41,40.53,501.72
Exu,PE,55.14,1336.79,33486.00,13149.23,68.58,59.98,36.87,79.39,44.24,85.19,65.51,76.61,57.34,61.20,44.75,27.44,47.46,53.21,19.37,95.93,522.58,107.72,17.41,3.85,36.55,4.74,59.19,35.77,45.47,92.08,83.57,95.26,14.65,2.37,13.77,26.34,0.86,4.16,20.50,7.10,4.67,3.00,57.07,2.02,40.62,96.58,68.75,71.47,225.84,321.02,18.74,6.58,15.74,31.06,42.00,0.42,57.54,6.00,0.00,764.29,1001.15,73.75,136.18,3.00,18.65,2.02,0.31,0.32,0.46,0.70,90.91,236.21,156.25,26.95,13.36,502.96
Araçoiaba,PE,55.14,96.36,19996.00,10157.68,57.65,65.32,42.46,69.16,33.40,84.67,43.35,80.29,70.43,48.84,61.72,31.60,52.47,63.11,22.66,83.87,655.83,218.01,25.53,3.14,43.18,1.59,28.82,52.40,82.95,77.53,76.05,95.34,82.67,1.99,30.36,8.06,0.28,0.00,20.00,4.00,4.16,1.74,99.52,1.00,52.22,97.04,70.56,70.87,269.35,524.08,28.02,5.02,0.93,2.00,9.62,0.42,49.34,1.00,7.00,538.04,1476.10,64.30,114.76,2.00,16.96,0.53,0.30,1.73,0.18,0.92,,128.13,113.29,26.35,40.35,479.06
Dormentes,PE,54.99,1539.05,17850.00,17470.81,64.34,59.45,41.18,72.41,36.84,85.02,63.10,83.89,53.30,55.18,45.44,22.22,50.38,59.30,32.83,90.06,931.21,120.34,22.02,5.22,31.51,20.71,42.41,50.66,36.33,97.55,80.64,96.02,39.15,4.54,24.81,31.57,0.12,0.02,13.94,5.48,5.63,2.28,51.66,15.65,45.30,79.08,51.72,69.46,226.65,375.64,21.34,15.79,16.33,87.96,44.97,2.56,51.60,4.00,0.00,784.48,2571.73,53.61,73.29,2.00,16.48,2.03,0.28,0.42,0.36,0.66,,329.07,146.70,38.56,54.92,535.86
Gameleira,PE,54.96,257.78,17583.00,14115.00,62.81,58.51,43.56,74.15,68.26,87.97,20.86,73.17,59.35,40.50,61.03,34.43,48.46,70.20,21.16,87.88,756.71,205.31,12.26,3.47,66.11,65.28,82.06,46.07,72.21,87.49,86.59,94.62,169.48,10.58,62.49,2.03,1.08,0.42,33.72,9.26,3.78,1.88,85.15,24.01,35.61,73.42,76.52,70.54,379.37,540.17,28.69,7.28,2.24,1.71,10.06,0.31,47.06,4.00,5.00,554.84,1155.02,54.88,85.55,1.00,20.59,0.00,0.30,1.04,0.55,0.63,,55.75,30.66,21.48,30.26,499.16
Pedra,PE,54.68,922.48,23671.00,17998.23,67.73,56.63,39.67,73.10,47.22,87.44,63.16,73.52,56.08,50.56,46.37,22.01,52.99,60.45,23.24,90.69,769.89,173.28,24.15,3.33,35.82,49.80,52.80,44.19,52.33,95.39,83.79,96.40,34.72,5.22,21.35,11.94,0.20,0.24,33.74,10.04,4.41,7.16,52.94,11.12,27.77,98.59,79.01,69.59,248.58,453.07,24.70,6.82,9.50,3.38,44.99,0.34,59.37,4.00,0.00,1078.09,1260.77,70.43,107.82,2.00,19.98,1.65,0.29,0.28,0.18,0.85,,206.95,150.27,29.93,44.05,466.96
Maraial,PE,54.56,199.87,9322.00,11804.87,65.32,59.35,39.01,66.98,47.84,80.90,65.58,72.98,60.10,49.50,54.83,14.22,47.69,69.27,24.88,70.09,715.74,215.23,20.05,3.62,45.67,51.44,47.50,50.81,68.13,92.60,68.39,84.81,40.49,0.00,34.31,4.24,0.86,1.82,35.08,6.72,3.94,5.58,85.77,4.61,34.92,85.78,64.99,66.85,294.01,420.76,21.29,2.03,9.37,1.07,26.45,3.27,51.68,0.00,0.00,657.18,1871.83,70.45,102.44,2.00,24.29,1.29,0.31,0.96,0.44,0.66,,31.96,67.91,28.50,40.39,500.74
Afrânio,PE,54.42,1490.59,19409.00,13997.01,66.12,59.13,38.00,74.78,47.33,79.90,62.49,80.91,52.41,58.06,45.13,18.16,49.52,59.41,24.90,95.27,910.49,92.56,19.24,5.82,39.70,17.72,55.69,30.52,5.40,98.56,74.04,96.56,8.32,6.26,15.59,22.87,0.14,0.00,19.44,4.22,4.56,3.04,50.04,12.07,37.08,84.39,70.53,70.68,243.93,315.37,19.22,10.40,14.23,63.37,42.00,0.36,53.64,2.00,0.00,784.48,2571.73,53.61,73.29,3.00,17.60,1.34,0.30,0.82,0.55,0.00,,106.50,107.63,29.75,43.78,489.02
Santa Maria do Cambucá,PE,53.94,92.15,14586.00,10382.22,61.10,60.93,39.79,73.46,39.15,82.97,48.80,79.10,64.11,47.52,53.00,18.91,48.50,75.11,16.63,77.12,598.61,172.62,16.96,2.99,16.21,14.89,53.48,26.32,28.64,87.08,84.12,98.39,62.16,5.50,40.26,11.07,1.66,0.00,18.78,3.94,4.13,1.38,95.39,0.71,26.38,97.28,58.59,69.08,311.89,480.29,26.39,4.14,1.96,0.00,49.24,0.56,53.39,3.00,0.00,977.24,2609.63,67.62,96.75,1.00,16.96,2.01,0.31,0.41,0.00,0.56,,16.50,0.00,11.44,16.03,506.22
Santa Cruz,PE,53.67,1245.98,14342.00,10885.86,70.09,55.66,35.25,68.67,44.77,86.07,80.86,75.21,45.97,56.91,44.53,17.91,48.55,47.50,27.04,79.60,1831.12,109.98,20.16,5.90,36.16,32.22,45.20,32.53,35.54,92.10,90.42,96.94,0.00,0.00,11.18,19.56,1.44,4.80,20.58,7.40,4.36,1.64,42.91,6.16,39.67,72.94,62.59,68.31,216.20,338.33,17.27,12.57,11.07,80.18,31.72,0.05,57.18,2.00,0.00,1054.99,1823.88,62.89,108.31,4.00,21.32,0.96,0.30,0.42,0.67,0.48,500.00,266.36,436.97,35.51,50.63,482.43
Buíque,PE,53.63,1336.54,53489.00,12097.12,64.98,60.06,35.85,74.85,37.47,81.65,65.96,75.68,56.93,57.32,50.31,25.03,46.04,52.12,20.23,95.08,1706.85,154.45,19.07,3.63,24.49,44.27,35.10,42.91,34.42,90.12,76.99,95.08,35.69,3.66,20.53,11.00,0.46,1.00,28.20,8.72,4.35,3.12,64.00,2.56,35.73,93.00,76.91,69.75,210.94,389.67,18.96,5.87,5.21,4.86,37.51,5.53,64.08,5.00,0.00,624.24,2441.29,55.03,92.26,4.00,17.99,1.14,0.31,1.82,0.40,0.18,29.35,218.44,54.78,20.35,27.75,496.90
Bodocó,PE,53.48,1621.79,36145.00,10741.38,68.30,58.19,33.94,77.35,46.12,81.45,68.28,74.52,56.30,57.00,44.93,17.21,48.94,50.70,18.91,90.16,638.59,123.86,16.73,3.81,37.05,40.14,48.91,38.73,41.07,88.89,74.72,94.45,19.63,2.21,9.93,13.24,2.58,0.84,22.24,6.12,3.90,4.10,59.10,2.45,35.44,94.97,65.12,69.67,197.17,385.44,20.98,11.05,12.51,38.18,52.70,4.34,60.18,2.00,0.00,891.05,2926.91,63.50,97.08,2.00,17.34,1.40,0.30,0.51,0.46,0.59,142.86,209.16,239.01,17.21,21.79,504.06
Santa Filomena,PE,53.46,1005.34,12360.00,10772.65,64.74,55.70,39.94,77.11,36.76,84.38,60.70,74.65,47.23,57.78,43.15,26.02,51.00,55.22,27.50,83.96,902.96,75.61,20.07,3.93,30.11,1.88,39.70,30.88,32.27,88.71,89.34,96.59,19.62,9.75,20.61,9.52,0.86,6.08,21.04,8.20,4.42,2.24,21.78,10.36,24.78,97.99,55.19,70.10,213.01,290.97,19.76,22.21,8.83,71.20,44.01,0.00,58.73,6.00,0.00,1054.99,1823.88,62.89,108.31,2.00,20.10,0.87,0.29,0.85,0.00,0.76,,216.82,367.82,31.76,46.72,508.73
Casinhas,PE,52.29,116.83,13468.00,9328.11,55.37,60.28,41.22,81.21,26.06,84.21,30.00,82.15,57.28,47.59,54.10,30.64,47.19,65.35,21.70,91.63,812.50,118.09,12.24,2.87,17.22,27.12,24.35,57.80,23.05,91.27,87.55,98.66,111.68,8.79,67.52,10.32,0.10,0.00,24.04,4.24,5.03,0.18,95.67,2.59,11.22,85.56,74.85,68.25,289.99,380.69,26.38,10.30,2.46,0.74,28.78,0.09,55.37,5.00,4.00,1394.46,3699.21,49.29,85.21,1.00,16.17,0.24,0.33,0.00,0.44,0.40,,41.28,98.77,24.28,40.14,473.47
Paranatama,PE,50.49,185.37,12778.00,23975.90,56.00,57.75,37.70,74.84,21.96,82.17,45.05,75.36,59.66,41.34,54.66,18.95,55.21,48.47,28.17,81.52,1021.93,183.97,7.85,3.57,8.77,1.88,11.48,26.46,30.86,88.44,76.03,99.42,54.94,6.30,39.82,35.19,1.12,1.70,22.38,11.20,4.78,2.90,61.24,0.92,50.78,94.84,70.71,67.17,383.74,534.57,19.72,3.22,4.61,0.78,24.04,0.60,53.10,2.00,0.00,751.36,1609.55,55.29,69.86,4.00,13.96,1.42,0.31,0.00,0.22,0.00,,214.36,1000.00,35.13,43.46,515.52
Carnaubeira da Penha,PE,48.79,1004.25,12712.00,8421.88,58.79,54.10,33.47,70.71,35.04,63.10,66.31,67.02,48.62,54.70,46.07,22.01,44.36,48.76,18.75,72.91,925.46,130.98,25.34,3.51,13.35,54.10,18.89,20.15,13.07,83.75,59.76,68.35,28.67,3.25,18.95,18.95,2.14,6.60,42.40,11.82,4.55,4.34,27.74,12.83,23.95,96.83,35.08,70.30,295.09,426.81,16.28,14.22,9.66,1.57,19.79,0.00,67.10,3.00,1.00,1437.46,2342.62,37.92,62.37,5.00,22.35,3.59,0.34,0.00,0.22,0.00,20.13,272.23,51.55,17.59,31.32,477.40